password,strength,entropy,size
text,1,14.0,26
kslg39,1,26.0,36
svt0wh,1,26.0,36
wino23,1,26.0,36
king88,1,26.0,36
ifspvo3,2,28.0,26
pbya89,1,26.0,36
re7899,1,26.0,36
h4bhub,1,26.0,36
apacun9,2,28.0,26
geeta86,2,31.0,36
gothic1,2,28.0,26
gordo69,2,31.0,36
bandit1,2,28.0,26
zechip7,2,28.0,26
doxt03o,2,31.0,36
grise19,2,31.0,36
woon12,1,26.0,36
honda70,2,31.0,36
failz0r,2,31.0,36
4rtemis,2,31.0,36
markub1,2,28.0,26
purouv0,2,28.0,26
dener10,2,31.0,36
x57669,1,26.0,36
gzie2bp,2,31.0,36
laca14,1,26.0,36
mats17,1,26.0,36
u8we3te,2,31.0,36
JORGE26,2,31.0,36
mikal43,2,31.0,36
r4vn0s,1,26.0,36
0messi0,2,31.0,36
wph2yi7,2,31.0,36
zati87,1,26.0,36
shbnq4,1,24.0,26
julnat1,2,28.0,26
still56,2,31.0,36
q8p9qum,2,31.0,36
isaura-,2,28.0,26
hkytw11,2,31.0,36
erazor3,2,28.0,26
ss39yk,1,26.0,36
dqe3kag,2,31.0,36
josue12,2,31.0,36
tatis17,2,31.0,36
mafia4,1,24.0,26
rave69,1,26.0,36
ff6479,1,26.0,36
yesica1,2,28.0,26
josue01,2,31.0,36
warri0r,2,31.0,36
flex01,1,26.0,36
wiess61,2,31.0,36
alic24,1,26.0,36
z7ciwt,1,26.0,36
bane87,1,26.0,36
mason14,2,31.0,36
mee789,1,26.0,36
pedko1,1,24.0,26
kosow26,2,31.0,36
mer--al,2,35.0,58
aio42fv,2,31.0,36
2001ma,1,26.0,36
vhyjxh9,2,28.0,26
aa7410,1,26.0,36
egzdy6t,2,31.0,36
overyu2,2,28.0,26
3bn3fic,2,31.0,36
cngz14,1,26.0,36
pollo36,2,31.0,36
asad12,1,26.0,36
bnvclc8,2,28.0,26
samra69,2,31.0,36
xfire12,2,31.0,36
hackle6,2,28.0,26
4kuli6e,2,31.0,36
vina21,1,26.0,36
d9bayg8,2,31.0,36
real66,1,26.0,36
rodan1,1,24.0,26
p0lp0l,1,26.0,36
riku42,1,26.0,36
sandy13,2,31.0,36
yu4cmn,1,26.0,36
18856x,1,17.0,10
4gwbnwp,2,31.0,36
gkrqjs6,2,28.0,26
jacas85,2,31.0,36
11joey,1,26.0,36
grant08,2,31.0,36
ey41ipp,2,31.0,36
cscod12,2,31.0,36
qcudzj5,2,28.0,26
lsih96,1,26.0,36
j1rwel3,2,31.0,36
mark11,1,26.0,36
hevi78,1,26.0,36
moose12,2,31.0,36
mayte84,2,31.0,36
znx000,1,26.0,36
ALVARO1,2,28.0,26
better7,2,28.0,26
123546.,1,20.0,10
imhome1,2,28.0,26
y11233,1,26.0,36
okmijn1,2,28.0,26
ACUA15,1,26.0,36
zhu000,1,26.0,36
hostin6,2,28.0,26
yudhi24,2,31.0,36
gustav0,2,28.0,26
sqoqcx2,2,28.0,26
07paper,2,31.0,36
zqlm16,1,26.0,36
barbi1,1,24.0,26
dmplbd5,2,28.0,26
don9999,2,31.0,36
ecviti8,2,28.0,26
devon3,1,24.0,26
tiago1,1,24.0,26
gonza86,2,31.0,36
mega12,1,26.0,36
kelly21,2,31.0,36
pacar9,1,24.0,26
hanl7ye,2,31.0,36
hj_mark,2,35.0,58
eijkxl4,2,28.0,26
iriizu3,2,28.0,26
meke96,1,26.0,36
zao007,1,26.0,36
nadia6,1,24.0,26
mtyd0w,1,26.0,36
kikero2,2,28.0,26
bngcs16,2,31.0,36
mamori1,2,28.0,26
thach1,1,24.0,26
olmaz.,1,24.0,26
juanx14,2,31.0,36
m4m4se,1,26.0,36
marcos1,2,28.0,26
yeko69,1,26.0,36
ejif6ed,2,31.0,36
komo5vn,2,31.0,36
sheeva1,2,28.0,26
paul95,1,26.0,36
ia1991,1,26.0,36
cu4k3p,1,26.0,36
tolito1,2,28.0,26
parag08,2,31.0,36
pollo13,2,31.0,36
martin1,2,28.0,26
dfo63bk,2,31.0,36
paco12,1,26.0,36
zzd123,1,26.0,36
waris42,2,31.0,36
harley1,2,28.0,26
em2008,1,26.0,36
pr0j3kt,2,31.0,36
rythms6,2,28.0,26
oktan12,2,31.0,36
apl9u6f,2,31.0,36
junior5,2,28.0,26
guuh14,1,26.0,36
numero2,2,28.0,26
hjep91,1,26.0,36
schumi1,2,28.0,26
kpith09,2,31.0,36
hy1977,1,26.0,36
m0nster,2,31.0,36
drup4lx,2,31.0,36
yosi55,1,26.0,36
kazoo2,1,24.0,26
picoko1,2,28.0,26
jmvm59,1,26.0,36
ul4ul4,1,26.0,36
nofvdy1,2,28.0,26
dream77,2,31.0,36
blabla6,2,28.0,26
juge12,1,26.0,36
twhs19,1,26.0,36
fs6ksr,1,26.0,36
3366gk,1,26.0,36
z3ro1sm,2,31.0,36
xpaks7,1,24.0,26
yur1k3,1,26.0,36
qwe000,1,26.0,36
gulle1,1,24.0,26
wx0722,1,26.0,36
gouli69,2,31.0,36
dreso13,2,31.0,36
1k9izx,1,26.0,36
wwss01,1,26.0,36
makaka1,2,28.0,26
lb6nqk2,2,31.0,36
kelik12,2,31.0,36
abs555,1,26.0,36
pp8334,1,26.0,36
HOLLY1,1,24.0,26
me61aja,2,31.0,36
dt5e7xu,2,31.0,36
5unfne2,2,31.0,36
p2share,2,31.0,36
anon13,1,26.0,36
laser7,1,24.0,26
sendi17,2,31.0,36
jim500,1,26.0,36
onyvio7,2,28.0,26
5esyhud,2,31.0,36
mantux1,2,28.0,26
7bqcgt1,2,31.0,36
peter04,2,31.0,36
xf2688,1,26.0,36
beagle2,2,28.0,26
d6565e,1,26.0,36
vigor13,2,31.0,36
bbbbb1,1,24.0,26
445566,1,17.0,10
aigw09z,2,31.0,36
astra41,2,31.0,36
sylar13,2,31.0,36
mel008,1,26.0,36
balint4,2,28.0,26
karl88,1,26.0,36
jesilo1,2,28.0,26
wltjs9,1,24.0,26
mutant7,2,28.0,26
bb1230,1,26.0,36
FIXE16,1,26.0,36
teste10,2,31.0,36
agus28,1,26.0,36
82mwku,1,26.0,36
rondex-,2,28.0,26
gedyn30,2,31.0,36
pagode_,2,28.0,26
swing1,1,24.0,26
kucin9,1,24.0,26
gorace9,2,28.0,26
h1h1u1,1,26.0,36
marjan1,2,28.0,26
JULI29,1,26.0,36
b3nt3n,1,26.0,36
mrwan99,2,31.0,36
platte0,2,28.0,26
lho777,1,26.0,36
condom4,2,28.0,26
casan22,2,31.0,36
warlir9,2,28.0,26
s3lalu,1,26.0,36
mvqq8cr,2,31.0,36
kodok7,1,24.0,26
ajirpe8,2,28.0,26
mathez1,2,28.0,26
dory98,1,26.0,36
4ernika,2,31.0,36
mouse22,2,31.0,36
proba86,2,31.0,36
diocan9,2,28.0,26
mike75,1,26.0,36
ejonec8,2,28.0,26
obito1,1,24.0,26
owen65,1,26.0,36
gudok24,2,31.0,36
3neneng,2,31.0,36
9mcm3jh,2,31.0,36
nouar1,1,24.0,26
otong69,2,31.0,36
q666666,2,31.0,36
crew89,1,26.0,36
yy22yjw,2,31.0,36
LOL6LOL,2,31.0,36
pc33naf,2,31.0,36
ethdev8,2,28.0,26
sawen12,2,31.0,36
death99,2,31.0,36
jcav26,1,26.0,36
dobelz1,2,28.0,26
mora10,1,26.0,36
bilu06,1,26.0,36
berita1,2,28.0,26
papapa1,2,28.0,26
gigi50,1,26.0,36
zipo44,1,26.0,36
kiju77,1,26.0,36
z0q880,1,26.0,36
hatso1,1,24.0,26
tusmas9,2,28.0,26
vman81,1,26.0,36
lmdu3yo,2,31.0,36
iveco61,2,31.0,36
zgm000,1,26.0,36
abdou21,2,31.0,36
dlq6auy,2,31.0,36
1jancok,2,31.0,36
12ariel,2,31.0,36
alloh99,2,31.0,36
deden7,1,24.0,26
10april,2,31.0,36
lloyd7,1,24.0,26
12281m,1,17.0,10
gill02,1,26.0,36
1988vp,1,26.0,36
khwv22,1,26.0,36
jetair1,2,28.0,26
dont07,1,26.0,36
bcb5hi,1,26.0,36
banal12,2,31.0,36
w2esam,1,26.0,36
idyi5qc,2,31.0,36
uwwz4ct,2,31.0,36
oscar69,2,31.0,36
kunci5,1,24.0,26
N99999,1,26.0,36
mitzy88,2,31.0,36
dedi24,1,26.0,36
web08b,1,26.0,36
mplo89,1,26.0,36
tdw0dg8,2,31.0,36
vivek4,1,24.0,26
vusal85,2,31.0,36
4dsa2e,1,26.0,36
fysha12,2,31.0,36
damoe12,2,31.0,36
m4r4hne,2,31.0,36
cbo23n,1,26.0,36
dub9bwu,2,31.0,36
daf34oe,2,31.0,36
maks93,1,26.0,36
xan7how,2,31.0,36
malibu8,2,28.0,26
2008de,1,26.0,36
blaze2,1,24.0,26
jj1693,1,26.0,36
sayooj1,2,28.0,26
mnmnmn1,2,28.0,26
vimal3,1,24.0,26
fox com,2,28.0,26
lustro1,2,28.0,26
65salam,2,31.0,36
zuma55,1,26.0,36
goran90,2,31.0,36
gusty88,2,31.0,36
othon23,2,31.0,36
k99999,1,26.0,36
fuck90,1,26.0,36
ikeyls5,2,28.0,26
ca±amo,2,28.0,26
lolmdr1,2,28.0,26
ceqxoq5,2,28.0,26
lucas68,2,31.0,36
jakub27,2,31.0,36
vo1108,1,26.0,36
guruh19,2,31.0,36
uri8a3e,2,31.0,36
gatto98,2,31.0,36
esc2nmd,2,31.0,36
bagus22,2,31.0,36
starz1,1,24.0,26
mytime1,2,28.0,26
mert18,1,26.0,36
pilots1,2,28.0,26
pe2bte,1,26.0,36
data13,1,26.0,36
xiau5ff,2,31.0,36
wlsn82,1,26.0,36
54bdthh,2,31.0,36
zpd5sh5,2,31.0,36
kaci12,1,26.0,36
te1ch9,1,26.0,36
guto17,1,26.0,36
belgel9,2,28.0,26
leceh4,1,24.0,26
1gomer1,2,31.0,36
rafal13,2,31.0,36
1abcde1,2,31.0,36
1aries1,2,31.0,36
seofun1,2,28.0,26
am0040,1,26.0,36
tarzan1,2,28.0,26
p33jay,1,26.0,36
ying25,1,26.0,36
1narnia,2,31.0,36
yanira5,2,28.0,26
llxx14,1,26.0,36
xve33ea,2,31.0,36
n9xxc9a,2,31.0,36
iubat09,2,31.0,36
elizap1,2,28.0,26
allnet1,2,28.0,26
komesh5,2,28.0,26
mommy8,1,24.0,26
ytgm.z,2,29.0,58
petri29,2,31.0,36
2akira2,2,31.0,36
marko10,2,31.0,36
gkhan01,2,31.0,36
paska90,2,31.0,36
mv2323,1,26.0,36
pang96,1,26.0,36
IRZA98,1,26.0,36
vanas1,1,24.0,26
tv9999,1,26.0,36
almi20,1,26.0,36
hello2,1,24.0,26
sgwq04q,2,31.0,36
space13,2,31.0,36
6karev6,2,31.0,36
dgesf23,2,31.0,36
9dfcyh7,2,31.0,36
iozf77,1,26.0,36
marck21,2,31.0,36
uu54meu,2,31.0,36
a98aue,1,26.0,36
mike09,1,26.0,36
kaled26,2,31.0,36
111111e,1,20.0,10
n00000,1,26.0,36
yeni11,1,26.0,36
baba24,1,26.0,36
paine22,2,31.0,36
titan33,2,31.0,36
kaka41,1,26.0,36
kurn1a,1,26.0,36
dods01,1,26.0,36
glory1,1,24.0,26
jomb3lo,2,31.0,36
yake98,1,26.0,36
r4iz7lx,2,31.0,36
rulez1,1,24.0,26
100dei,1,26.0,36
douo3uj,2,31.0,36
DEIMER1,2,28.0,26
syktfu7,2,28.0,26
madeye2,2,28.0,26
kplove8,2,28.0,26
romtim1,2,28.0,26
paul24,1,26.0,36
whycr1,1,24.0,26
chala29,2,31.0,36
gozv3e5,2,31.0,36
marro12,2,31.0,36
lexus23,2,31.0,36
qtdxwu2,2,28.0,26
cy-yan,2,29.0,58
gvn888,1,26.0,36
maska7,1,24.0,26
pivoba8,2,28.0,26
wirda28,2,31.0,36
loja05,1,26.0,36
rudtj1,1,24.0,26
x4yxc4,1,26.0,36
math42,1,26.0,36
neovo21,2,31.0,36
anny15,1,26.0,36
pawel84,2,31.0,36
comet1,1,24.0,26
val991,1,26.0,36
et8yf2i,2,31.0,36
uldell9,2,28.0,26
derich2,2,28.0,26
lsdlsd1,2,28.0,26
mara10,1,26.0,36
z4hr4h,1,26.0,36
cuc4dmd,2,31.0,36
drmno1,1,24.0,26
delly08,2,31.0,36
sitem58,2,31.0,36
hary31,1,26.0,36
a12300,1,26.0,36
610.52,1,27.0,42
youth27,2,31.0,36
uvt4dcd,2,31.0,36
dewa99,1,26.0,36
kinga22,2,31.0,36
gored2,1,24.0,26
tomas1,1,24.0,26
xufgip9,2,28.0,26
keins1,1,24.0,26
manga37,2,31.0,36
fl0wers,2,31.0,36
xskon12,2,31.0,36
korin50,2,31.0,36
burak.,1,24.0,26
kojos1,1,24.0,26
katty02,2,31.0,36
kayla88,2,31.0,36
10233a,1,17.0,10
1     2,1,20.0,10
bvcs5dt,2,31.0,36
amt5a9a,2,31.0,36
qwert6,1,24.0,26
fcb4ev,1,26.0,36
meena25,2,31.0,36
sam111,1,26.0,36
mercy06,2,31.0,36
gero12,1,26.0,36
5ochnnn,2,31.0,36
wawaw5,1,24.0,26
anhtam0,2,28.0,26
phlox21,2,31.0,36
nice44,1,26.0,36
c11011,1,26.0,36
majtki1,2,28.0,26
z2hw3uk,2,31.0,36
c4rit4,1,26.0,36
juli83,1,26.0,36
dabest2,2,28.0,26
sebo82,1,26.0,36
ykfums1,2,28.0,26
liepa23,2,31.0,36
savad20,2,31.0,36
1rppq3x,2,31.0,36
5tr355,1,26.0,36
dikzak2,2,28.0,26
ilaham1,2,28.0,26
yandex9,2,28.0,26
355jpl,1,26.0,36
pajpaj1,2,28.0,26
suks3s,1,26.0,36
e6bsaqg,2,31.0,36
4iloveu,2,31.0,36
killer5,2,28.0,26
eepz38i,2,31.0,36
tails5,1,24.0,26
kadir32,2,31.0,36
zahid--,2,35.0,58
biber1,1,24.0,26
lahli7,1,24.0,26
alera65,2,31.0,36
dc2008,1,26.0,36
itj87oo,2,31.0,36
smgv45,1,26.0,36
conan76,2,31.0,36
anzar15,2,31.0,36
panama3,2,28.0,26
makari5,2,28.0,26
mid000,1,26.0,36
a38888,1,26.0,36
ramona1,2,28.0,26
rhelm66,2,31.0,36
2ab0rg,1,26.0,36
goofy1,1,24.0,26
holcid9,2,28.0,26
av9brq,1,26.0,36
juhscr1,2,28.0,26
zyiade0,2,28.0,26
antony2,2,28.0,26
qazi11,1,26.0,36
cotto1,1,24.0,26
sayda82,2,31.0,36
jmp007,1,26.0,36
metkey1,2,28.0,26
alano1,1,24.0,26
fraga97,2,31.0,36
dammit5,2,28.0,26
manga1,1,24.0,26
skjfh68,2,31.0,36
blazee1,2,28.0,26
mvh68wo,2,31.0,36
se1ryuu,2,31.0,36
sdp009,1,26.0,36
lorena1,2,28.0,26
whisky2,2,28.0,26
waleed1,2,28.0,26
t5518a,1,26.0,36
tama54,1,26.0,36
sixsix6,2,28.0,26
sake90,1,26.0,36
efua0ko,2,31.0,36
cheer1,1,24.0,26
ryona2,1,24.0,26
tami13,1,26.0,36
k3nari,1,26.0,36
sgtg5fq,2,31.0,36
gombo1,1,24.0,26
ex8o4jb,2,31.0,36
miley24,2,31.0,36
judy19,1,26.0,36
ever55,1,26.0,36
pulat19,2,31.0,36
thdnf0,1,24.0,26
java06,1,26.0,36
yuyu01,1,26.0,36
khang92,2,31.0,36
petko93,2,31.0,36
marita1,2,28.0,26
andre92,2,31.0,36
nynbdj9,2,28.0,26
legna13,2,31.0,36
sara99,1,26.0,36
mmm23mm,2,31.0,36
succ3ss,2,31.0,36
clave08,2,31.0,36
g-unit,2,29.0,58
siroj1,1,24.0,26
dach12,1,26.0,36
n4dvv0h,2,31.0,36
aic3ioz,2,31.0,36
szpec87,2,31.0,36
jannia5,2,28.0,26
omyv3ee,2,31.0,36
uuuu123,2,31.0,36
varios1,2,28.0,26
n4pl,1,16.0,36
spider7,2,28.0,26
yuj2xiw,2,31.0,36
omg0sh,1,26.0,36
faber12,2,31.0,36
rbohs4,1,24.0,26
gr98aa,1,26.0,36
9194=-),2,32.0,42
up8444,1,26.0,36
sony18,1,26.0,36
kahefo9,2,28.0,26
web111,1,26.0,36
weber54,2,31.0,36
yamada1,2,28.0,26
3ub6an,1,26.0,36
intel1,1,24.0,26
lur40cu,2,31.0,36
raluse8,2,28.0,26
3trew3,1,26.0,36
pa5nan,1,26.0,36
t3stm3,1,26.0,36
lupin10,2,31.0,36
zzea0ma,2,31.0,36
mpompo1,2,28.0,26
jlajla2,2,28.0,26
yiyo12,1,26.0,36
snark97,2,31.0,36
msyv77z,2,31.0,36
asdsa13,2,31.0,36
lohan34,2,31.0,36
leidi1,1,24.0,26
barra23,2,31.0,36
dejuse1,2,28.0,26
luphup3,2,28.0,26
kkhe51,1,26.0,36
ok>bdk,2,29.0,58
gwje4bf,2,31.0,36
30118.,1,17.0,10
harun5,1,24.0,26
nexia92,2,31.0,36
dkig8st,2,31.0,36
kwadw1,1,24.0,26
quimey1,2,28.0,26
sang20,1,26.0,36
more12,1,26.0,36
lalc03,1,26.0,36
46wnfx,1,26.0,36
007007a,1,20.0,10
khan92,1,26.0,36
apolo5,1,24.0,26
yuli69,1,26.0,36
memek12,2,31.0,36
chico18,2,31.0,36
donna11,2,31.0,36
wangb5n,2,31.0,36
ruben13,2,31.0,36
jebekk1,2,28.0,26
abfk7y,1,26.0,36
kk4e1oo,2,31.0,36
car1dog,2,31.0,36
njuska0,2,28.0,26
mu±eca,2,28.0,26
mielny1,2,28.0,26
2911vc,1,26.0,36
oflu61,1,26.0,36
1511js,1,26.0,36
red5555,2,31.0,36
17house,2,31.0,36
zaeasq3,2,28.0,26
mamany1,2,28.0,26
guner74,2,31.0,36
3wy6dax,2,31.0,36
m0nt0ya,2,31.0,36
7power7,2,31.0,36
hudc88,1,26.0,36
passis2,2,28.0,26
gtlek,1,19.0,26
m1ssion,2,31.0,36
h3ndr4,1,26.0,36
dayan12,2,31.0,36
uou2dae,2,31.0,36
bacard1,2,28.0,26
queens1,2,28.0,26
21dvbau,2,31.0,36
j09000,1,26.0,36
majer3k,2,31.0,36
c0metin,2,31.0,36
enero13,2,31.0,36
ribery6,2,28.0,26
trewee3,2,28.0,26
orpice9,2,28.0,26
black98,2,31.0,36
pablu05,2,31.0,36
my8899,1,26.0,36
awij4yc,2,31.0,36
kustaa1,2,28.0,26
a0a5uou,2,31.0,36
sex0000,2,31.0,36
g000000,2,31.0,36
chun14,1,26.0,36
de3fr4,1,26.0,36
6yy6yy,1,26.0,36
s3ptyan,2,31.0,36
seikro1,2,28.0,26
popis1,1,24.0,26
trang12,2,31.0,36
seven1,1,24.0,26
gombo8,1,24.0,26
sanki1,1,24.0,26
david20,2,31.0,36
nfs111,1,26.0,36
jpvs10,1,26.0,36
nola87,1,26.0,36
bruga24,2,31.0,36
ejxzr7,1,24.0,26
carla99,2,31.0,36
bb9530,1,26.0,36
uosl39a,2,31.0,36
yas001,1,26.0,36
muito10,2,31.0,36
ekiboj1,2,28.0,26
servn87,2,31.0,36
pw4300,1,26.0,36
max111,1,26.0,36
xdx224,1,26.0,36
john18,1,26.0,36
sknq7m0,2,31.0,36
amber7,1,24.0,26
smith7,1,24.0,26
junaid5,2,28.0,26
u10rlbl,2,31.0,36
bang6k,1,26.0,36
yonky1,1,24.0,26
kill99,1,26.0,36
olioli6,2,28.0,26
ygy335,1,26.0,36
trcske,1,24.0,26
taccy12,2,31.0,36
1995151,1,20.0,10
kjftyf4,2,28.0,26
6keudk2,2,31.0,36
mostjo1,2,28.0,26
della13,2,31.0,36
ot83fbj,2,31.0,36
I2LSND,1,26.0,36
woodoo8,2,28.0,26
diarie1,2,28.0,26
nanny6,1,24.0,26
laratu8,2,28.0,26
sss888,1,26.0,36
soro4ka,2,31.0,36
kasif0,1,24.0,26
sono11,1,26.0,36
nnb320,1,26.0,36
nana82,1,26.0,36
bader88,2,31.0,36
reme86,1,26.0,36
jijik,1,19.0,26
imboo0,1,24.0,26
unois1,1,24.0,26
ic8i6ac,2,31.0,36
stars13,2,31.0,36
waz4b7c,2,31.0,36
sonic97,2,31.0,36
fuckm3,1,24.0,26
japan83,2,31.0,36
linda01,2,31.0,36
takky21,2,31.0,36
05bumd,1,26.0,36
mm8282,1,26.0,36
marin8,1,24.0,26
jntjmh7,2,28.0,26
gjm666,1,26.0,36
3us6bgo,2,31.0,36
memito1,2,28.0,26
renger1,2,28.0,26
pierre6,2,28.0,26
m22d94,1,26.0,36
yahoo8,1,24.0,26
lobito5,2,28.0,26
liam99,1,26.0,36
qualo2,1,24.0,26
w44789,1,26.0,36
siham1,1,24.0,26
mell95,1,26.0,36
lenca01,2,31.0,36
patty94,2,31.0,36
v0auuh1,2,31.0,36
6eze2ee,2,31.0,36
karen2,1,24.0,26
ufes9a2,2,31.0,36
tf8uhe0,2,31.0,36
pkti0ao,2,31.0,36
siarwu0,2,28.0,26
jonay77,2,31.0,36
jir51am,2,31.0,36
tra13ns,2,31.0,36
fanof6,1,24.0,26
kianex1,2,28.0,26
rich18,1,26.0,36
mussuh4,2,28.0,26
arty12,1,26.0,36
sexta1,1,24.0,26
o1iver,1,26.0,36
asusf5v,2,31.0,36
josart1,2,28.0,26
ze5500,1,26.0,36
ikifo36,2,31.0,36
dopo32,1,26.0,36
MECHAS7,2,28.0,26
11polo,1,26.0,36
10lord,1,26.0,36
viri13,1,26.0,36
12juni,1,26.0,36
gyk711,1,26.0,36
888clw,1,26.0,36
sr5448,1,26.0,36
v6tfsi,1,26.0,36
dkfqk12,2,31.0,36
may2nd,1,26.0,36
inwi-ma,2,35.0,58
gdfn76,1,26.0,36
``````,1,0.0,0
jlrg08,1,26.0,36
nhsplv8,2,28.0,26
green3,1,24.0,26
moken7,1,24.0,26
oioo9og,2,31.0,36
cbtis2,1,24.0,26
wino12,1,26.0,36
chams33,2,31.0,36
0gurets,2,31.0,36
hyekyo1,2,28.0,26
atmv17,1,26.0,36
sam007,1,26.0,36
tuan91,1,26.0,36
nadya28,2,31.0,36
gora77,1,26.0,36
b4ndulu,2,31.0,36
ropurt9,2,28.0,26
water05,2,31.0,36
FLASH10,2,31.0,36
1sfgga5,2,31.0,36
vewe6gi,2,31.0,36
juany57,2,31.0,36
somos12,2,31.0,36
hemp01,1,26.0,36
adolf32,2,31.0,36
7fmjrfp,2,31.0,36
j1gguar,2,31.0,36
memo94,1,26.0,36
dude25,1,26.0,36
vmdo3i,1,26.0,36
munka52,2,31.0,36
03april,2,31.0,36
zfzd71l,2,31.0,36
efes11,1,26.0,36
jbtcnd6,2,28.0,26
japa12,1,26.0,36
tokat58,2,31.0,36
wampir1,2,28.0,26
loco71,1,26.0,36
ret4des,2,31.0,36
salame1,2,28.0,26
vini20,1,26.0,36
castle2,2,28.0,26
tiga33,1,26.0,36
LEONES8,2,28.0,26
earth59,2,31.0,36
k0mp0r,1,26.0,36
sarah15,2,31.0,36
mee005,1,26.0,36
hobold0,2,28.0,26
keane41,2,31.0,36
ilove25,2,31.0,36
star69,1,26.0,36
g3rappa,2,31.0,36
hide68,1,26.0,36
2ne1cl,1,26.0,36
goony01,2,31.0,36
ydd45ee,2,31.0,36
1996kh,1,26.0,36
robinl1,2,28.0,26
1331sa,1,26.0,36
shippy1,2,28.0,26
mont19,1,26.0,36
ass359,1,26.0,36
55555f,1,17.0,10
moodle7,2,28.0,26
grupo33,2,31.0,36
p4yun9,1,26.0,36
zeus86,1,26.0,36
azvygo0,2,28.0,26
matha81,2,31.0,36
nomar1,1,24.0,26
senmic9,2,28.0,26
ir7iixs,2,31.0,36
gofene5,2,28.0,26
xx1982,1,26.0,36
v10rica,2,31.0,36
kira05,1,26.0,36
rage24,1,26.0,36
erika1,1,24.0,26
april1,1,24.0,26
prts15,1,26.0,36
ee76aea,2,31.0,36
buaek95,2,31.0,36
2vaawuo,2,31.0,36
loco32,1,26.0,36
5X<)h,1,24.0,68
neoaa8,1,24.0,26
home95,1,26.0,36
cathy19,2,31.0,36
marr90,1,26.0,36
zz2580,1,26.0,36
higua2,1,24.0,26
amelia6,2,28.0,26
7bqk4gm,2,31.0,36
ownag3,1,24.0,26
24green,2,31.0,36
pablo7,1,24.0,26
ilovem3,2,28.0,26
1xaviz,1,26.0,36
sda911,1,26.0,36
d04m11,1,26.0,36
dolpi71,2,31.0,36
q0pv0fk,2,31.0,36
rpec7z4,2,31.0,36
rubik1,1,24.0,26
w0jigos,2,31.0,36
55gg55,1,26.0,36
mevape9,2,28.0,26
123.321,2,32.0,42
x7rz9a,1,26.0,36
loco57,1,26.0,36
nuril0,1,24.0,26
agiwiz9,2,28.0,26
daylit9,2,28.0,26
qwekl12,2,31.0,36
sm5900,1,26.0,36
caete02,2,31.0,36
doy6pia,2,31.0,36
sskc5fm,2,31.0,36
lapa95,1,26.0,36
clems95,2,31.0,36
km1996,1,26.0,36
rosy13,1,26.0,36
sincom5,2,28.0,26
wid0d0,1,26.0,36
mammut0,2,28.0,26
ex6k6wp,2,31.0,36
g3naro,1,26.0,36
ysfeb22,2,31.0,36
nelva20,2,31.0,36
yi96wpe,2,31.0,36
max001,1,26.0,36
reload2,2,28.0,26
passer1,2,28.0,26
senha20,2,31.0,36
gompe86,2,31.0,36
sukkur1,2,28.0,26
piwit56,2,31.0,36
yend2pa,2,31.0,36
badi11,1,26.0,36
joda86,1,26.0,36
kerwin1,2,28.0,26
9royv9e,2,31.0,36
irok99,1,26.0,36
mehdi69,2,31.0,36
weed77,1,26.0,36
clorox1,2,28.0,26
kasumi1,2,28.0,26
parola7,2,28.0,26
f4shion,2,31.0,36
diehom9,2,28.0,26
vigufu8,2,28.0,26
m3trp0l,2,31.0,36
pepe25,1,26.0,36
bgrvl80,2,31.0,36
qiqj4t3,2,31.0,36
xpjtrv1,2,28.0,26
habbo01,2,31.0,36
6exx1ha,2,31.0,36
jorda20,2,31.0,36
zaher1,1,24.0,26
toby2u,1,26.0,36
oscare1,2,28.0,26
777777a,1,20.0,10
etengs1,2,28.0,26
yvkg1n,1,26.0,36
arem15,1,26.0,36
vr79qir,2,31.0,36
333aaa,1,26.0,36
jarron1,2,28.0,26
ask32ss,2,31.0,36
sonny22,2,31.0,36
wkv9gqd,2,31.0,36
4eczbk3,2,31.0,36
pnqfot1320,3,47.0,36
pawonyv297,3,47.0,36
moymee15,3,36.0,36
mario12345,3,47.0,36
9304218679a,2,33.0,10
tribon1399,3,47.0,36
101890gsj,3,41.0,36
salonritz1,3,42.0,26
opyqe201,3,36.0,36
promo2014,3,41.0,36
rhenking0302,3,57.0,36
ikujul190,3,41.0,36
190808pao,3,41.0,36
victoria93,3,47.0,36
70436500q,1,27.0,10
tristar3,2,33.0,26
05354662749y,3,37.0,10
change201,3,41.0,36
nj79x39nqago,3,57.0,36
bogheel071994,4,62.0,36
ueqixkcb7,3,38.0,26
lamin2009,3,41.0,36
16731673ir,3,47.0,36
wylony490,3,41.0,36
dekuce189,3,41.0,36
0857885367za,3,57.0,36
desoh5878,3,41.0,36
p0k9d3v6y,3,41.0,36
YADHJIGSAWS11,4,62.0,36
eywoqf21,3,36.0,36
elalex2010,3,47.0,36
mauricio4,3,38.0,26
akogy545,3,36.0,36
huevos1998,3,47.0,36
unikaz198,3,41.0,36
pengpeng168,3,52.0,36
magnus33,3,36.0,36
lovelory1,3,38.0,26
BOLACHAS2,3,38.0,26
academy23,3,41.0,36
quail129,3,36.0,36
0123one47,3,41.0,36
jasmin9998,3,47.0,36
retorno1a1,3,47.0,36
rjhetbb87,3,41.0,36
kdl9cl53,3,36.0,36
yritig389,3,41.0,36
yresobe870,3,47.0,36
eryfera967,3,47.0,36
esponja22,3,41.0,36
oqahax855,3,41.0,36
biqiwiqi3,3,38.0,26
long12345,3,41.0,36
lili399101,3,47.0,36
ana199300,3,41.0,36
yamivega7891,3,57.0,36
zhj16774386,3,52.0,36
cetron1987,3,47.0,36
ahyqema420,3,47.0,36
matjam321,3,41.0,36
dda726269,3,41.0,36
jaxepud900,3,47.0,36
vigoal1304,3,47.0,36
2312grimerud,3,57.0,36
mhaz3369,3,36.0,36
kirby155888,3,52.0,36
bello1992,3,41.0,36
anklav2012,3,47.0,36
600eretz,3,36.0,36
asyluz634,3,41.0,36
jdysfguda18,3,52.0,36
gonjaman1,3,38.0,26
1ykitag185s,3,52.0,36
galagala1,3,38.0,26
KIDSFORCE88,3,52.0,36
monkeybuttz1,3,52.0,26
123456oik,3,41.0,36
senghong2009,3,57.0,36
te28amo19,3,41.0,36
dbzmaster1,3,42.0,26
kama6280,3,36.0,36
7mt6miie,3,36.0,36
jrj7tst383lv,3,57.0,36
frbkpvj70,3,41.0,36
23deagosto,3,47.0,36
ale357410,3,41.0,36
o7ix68z913610,4,62.0,36
zwh8chic03,3,47.0,36
luryroj907,3,47.0,36
dekah1983,3,41.0,36
bufonadas1,3,42.0,26
amumylo422,3,47.0,36
612035180tok,3,57.0,36
kalovrathi123,4,62.0,36
faranumar91,3,52.0,36
HR12R7108,3,41.0,36
keh1a9u3,3,36.0,36
uhborenl8,3,38.0,26
femeri895,3,41.0,36
456258AS,3,36.0,36
obyrini652,3,47.0,36
leandra0711,3,52.0,36
g6830sdn2,3,41.0,36
amndol1935,3,47.0,36
campise12,3,41.0,36
x732b2z3,3,36.0,36
esmet34mo,3,41.0,36
vat10peg,3,36.0,36
gj90r6g9,3,36.0,36
pai102030,3,41.0,36
naihaf123456,3,57.0,36
mateo888,3,36.0,36
jd98ji03,3,36.0,36
septhian1991,3,57.0,36
485123789a,2,30.0,10
ygowyz463,3,41.0,36
wjqpefxy70,3,47.0,36
riquelme2009,3,57.0,36
tmdcjf14,3,36.0,36
filoux324,3,41.0,36
lamirada2525,3,57.0,36
tomas7896,3,41.0,36
ourworld365,3,52.0,36
zainal1991,3,47.0,36
lufuko318,3,41.0,36
asd123qwezxc,3,57.0,36
30111985ssg,3,52.0,36
wjngzro27,3,41.0,36
adprginhu3,3,42.0,26
demo66rj,3,36.0,36
gerardway1,3,42.0,26
julianna33,3,47.0,36
hornos2050,3,47.0,36
schalke04,3,41.0,36
JESUCR15T0,3,47.0,36
silvano63,3,41.0,36
timor1997,3,41.0,36
02091997q,1,27.0,10
nnn123456789,3,57.0,36
pwnpass073,3,47.0,36
pavanpavan619,4,62.0,36
qwe79qwe79,3,47.0,36
oscardavid1,3,47.0,26
wewuhem650,3,47.0,36
jodeep6768,3,47.0,36
cbbwmkr6,2,33.0,26
deli102071,3,47.0,36
123456dedi,3,47.0,36
zanina02,3,36.0,36
joocool84,3,41.0,36
pegah1360,3,41.0,36
40656100prl,3,52.0,36
xeiq6ahi,3,36.0,36
darkhunter13,3,57.0,36
cjzpbox51,3,41.0,36
bazih734,3,36.0,36
japa456456,3,47.0,36
kimhai01,3,36.0,36
gedu1t1ah,3,41.0,36
nirvanabs13,3,52.0,36
asv5o9yu,3,36.0,36
asia225556,3,47.0,36
jj371053156,3,52.0,36
xanyrum650,3,47.0,36
serkan68,3,36.0,36
roqyg104,3,36.0,36
gangster000,3,52.0,36
u34579abbc,3,47.0,36
soulfly88,3,41.0,36
buqodym199,3,47.0,36
piccolo11,3,41.0,36
kimjeanfuro1,3,52.0,26
nasawad807,3,47.0,36
zomyqpadb58,3,52.0,36
lrjtagqzv3,3,42.0,26
mysoul2010,3,47.0,36
lolilo123,3,41.0,36
q1ex4frh,3,36.0,36
ds356545,3,36.0,36
punjabi20,3,41.0,36
mermer__,3,41.0,58
rsuvxz08b,3,41.0,36
downhill12,3,47.0,36
uxabeqo309,3,47.0,36
soulsk8er,3,41.0,36
clave5066,3,41.0,36
pokeok1234,3,47.0,36
may112001,3,41.0,36
igorduda90,3,47.0,36
dmt269160,3,41.0,36
loimyst1372,3,52.0,36
6975038lp,3,41.0,36
ecujuv804,3,41.0,36
khoda0000,3,41.0,36
8ikf79zr,3,36.0,36
eventim123,3,47.0,36
joselito13,3,47.0,36
016kij9u,3,36.0,36
josesito25,3,47.0,36
mbl012345,3,41.0,36
ojy5epacxo,3,47.0,36
wmm4cg8n1,3,41.0,36
latics360,3,41.0,36
ytatesa152,3,47.0,36
tumadre22,3,41.0,36
creative12,3,47.0,36
isivotu457,3,47.0,36
besbes2008,3,47.0,36
iixpscl2,2,33.0,26
penkiwi540,3,47.0,36
nwhfzda3,2,33.0,26
lebyzy441,3,41.0,36
ozkan331,3,36.0,36
xahej591,3,36.0,36
pablo321159,3,52.0,36
maradona9,3,38.0,26
8bcd7wrtcw,3,47.0,36
bivm121x5t9,3,52.0,36
as157359,3,36.0,36
wypfxdct57,3,47.0,36
imdejorv24,3,47.0,36
barca9393,3,41.0,36
ifzatojx09,3,47.0,36
somika01,3,36.0,36
tamanagung6,3,47.0,26
newmoon621,3,47.0,36
tunez12cpan,3,52.0,36
qwesza123,3,41.0,36
7016208asdfsd,4,62.0,36
h9y7g7x8,3,36.0,36
ahyje213,3,36.0,36
sgonex100,3,41.0,36
wepyjo984,3,41.0,36
123456789nrk,3,57.0,36
ys050528,3,36.0,36
usijo644,3,36.0,36
urjofd09v2,3,47.0,36
3d74yp35a,3,41.0,36
sencico2014,3,52.0,36
yuliana1,2,33.0,26
101010hadis,3,52.0,36
4fqa52vecr,3,47.0,36
bur4kkul4c4,3,52.0,36
martinez0,3,38.0,26
klbgqfatp2,3,42.0,26
yunkeru123,3,47.0,36
n8g934u8dxpo,3,57.0,36
karlos0529,3,47.0,36
carlos1995,3,47.0,36
anyucika01,3,47.0,36
mazhe1980,3,41.0,36
keranen1,2,33.0,26
wormhole7,3,38.0,26
keboduv225,3,47.0,36
2d0d7qfz,3,36.0,36
detalle44,3,41.0,36
tikazag711,3,47.0,36
i3rgk6rsd,3,41.0,36
ug13091994,3,47.0,36
31011997k,1,27.0,10
judson1833,3,47.0,36
buqyxym307,3,47.0,36
397520lite,3,47.0,36
375792wyn,3,41.0,36
limited5,2,33.0,26
ugudyqe371,3,47.0,36
gunawan02,3,41.0,36
fetish661,3,41.0,36
jeremias18,3,47.0,36
criptografia@,3,56.0,26
pandora13,3,41.0,36
peteris1994,3,52.0,36
pet112086,3,41.0,36
sehar007,3,36.0,36
zufecu598,3,41.0,36
udinod538,3,41.0,36
adeloby314,3,47.0,36
94682401kc,3,47.0,36
ri1996cky,3,41.0,36
masud123,3,36.0,36
tomato10,3,36.0,36
afowyn136,3,41.0,36
1passcode,3,41.0,36
frejus123,3,41.0,36
halo12100,3,41.0,36
mj150185,3,36.0,36
emudipu732,3,47.0,36
cahutupa8,3,38.0,26
120795^^,3,38.0,42
283671gus,3,41.0,36
pasha777,3,36.0,36
qynasike2,3,38.0,26
mati2212,3,36.0,36
doppler08,3,41.0,36
xiaoaiqiang88,4,62.0,36
robot425,3,36.0,36
a0972986650,3,52.0,36
calung2007,3,47.0,36
russia2000,3,47.0,36
123goutham,3,47.0,36
spaceos09,3,41.0,36
lora58mark84,3,57.0,36
095x6ywp,3,36.0,36
2eplihdpue,3,47.0,36
LEAFS3232,3,41.0,36
yuri110995,3,47.0,36
ogebo430,3,36.0,36
yasinhacker1,3,52.0,26
kirito061727,3,57.0,36
yanettcb7,3,38.0,26
alberto90,3,41.0,36
270788juan,3,47.0,36
ylolar148,3,41.0,36
klein666klein,4,62.0,36
290186kleber,3,57.0,36
hua19900,3,36.0,36
nahile660,3,41.0,36
paris1970,3,41.0,36
echooff0,2,33.0,26
x63fste2,3,36.0,36
78916091mbw,3,52.0,36
yosoytal2,3,38.0,26
xmeldehn68,3,47.0,36
liberty22,3,41.0,36
maryam2007,3,47.0,36
achmed884,3,41.0,36
darryl123,3,41.0,36
xyhyb817,3,36.0,36
sanjay!@#$%,3,59.0,58
isynijy854,3,47.0,36
ltj5vpk36,3,41.0,36
mblupanh40,3,47.0,36
ozyxyr858,3,41.0,36
melanie10,3,41.0,36
unuvypu257,3,47.0,36
peluchin4,3,38.0,26
leg76end,3,36.0,36
69sanosuke,3,47.0,36
poilkjmnb987,3,57.0,36
valilou33,3,41.0,36
toxehy279,3,41.0,36
ksranawat12,3,52.0,36
tv123456789,3,52.0,36
racing123,3,41.0,36
glorioso66,3,47.0,36
pablo1212,3,41.0,36
a01551301301,3,57.0,36
borregos28,3,47.0,36
martoo94,3,36.0,36
wetboard5,3,38.0,26
pazzini24,3,41.0,36
mþÞÞÓ_&Þ-,4,76.0,58
guitarra89,3,47.0,36
12yoamoelface,4,62.0,36
cazez675,3,36.0,36
berkberk2,3,38.0,26
tvwxz1233,3,41.0,36
otagewy975,3,47.0,36
patata91,3,36.0,36
loretta2000,3,52.0,36
ewutyru678,3,47.0,36
w1234567,3,36.0,36
dimitra86,3,41.0,36
tvlkjnfx5,3,38.0,26
sofwcxtv85,3,47.0,36
esfalso7,2,33.0,26
mashina12,3,41.0,36
andrea38123,3,52.0,36
28p12d91,3,36.0,36
mgesvkb16,3,41.0,36
yhy12345,3,36.0,36
shotiko18,3,41.0,36
leboss666,3,41.0,36
mxutwxa0,2,33.0,26
kenyu001,3,36.0,36
14477887354y,3,37.0,10
bekiaris1986,3,57.0,36
qadeb886,3,36.0,36
nayti5404,3,41.0,36
portal1229,3,47.0,36
dharma69,3,36.0,36
namr120508,3,47.0,36
fireball123,3,52.0,36
zndjqhjn1,3,38.0,26
sg8002sg8002,3,57.0,36
andre1310,3,41.0,36
asda2009,3,36.0,36
narcist007,3,47.0,36
574nkgokil,3,47.0,36
kozir995,3,36.0,36
yudhy1975,3,41.0,36
growerz543,3,47.0,36
isqizkg1,2,33.0,26
10ehor5vigo,3,52.0,36
zizzy555,3,36.0,36
korasiki123,3,52.0,36
ongqkbif8,3,38.0,26
nyanya0303,3,47.0,36
aquhih220,3,41.0,36
opelufy914,3,47.0,36
xchen123,3,36.0,36
ayuzefanya.,3,47.0,26
6q5qrdopq,3,41.0,36
qjcndj123,3,41.0,36
rapers6690,3,47.0,36
yu86640132,3,47.0,36
acertijo7,3,38.0,26
penchev81,3,41.0,36
llizig11,3,36.0,36
clqaeht68,3,41.0,36
44544454a,1,27.0,10
kevinos07,3,41.0,36
xf6385494,3,41.0,36
0870330135a,2,33.0,10
htwlzixv2,3,38.0,26
fmgetsxkp1,3,42.0,26
someoneman101,4,62.0,36
annalisa1,3,38.0,26
metr1234,3,36.0,36
my914258,3,36.0,36
romi7328,3,36.0,36
rajaouiana10,3,57.0,36
gaymaids1,3,38.0,26
ejeval607,3,41.0,36
6lyx8h1r,3,36.0,36
ydtvykt5,2,33.0,26
hoshino215137,4,62.0,36
rbsrvb2010,3,47.0,36
cy3611495,3,41.0,36
vovatyg535,3,47.0,36
dlwhfcjki258,3,57.0,36
ririnmucu20,3,52.0,36
nadine1564,3,47.0,36
street10xx,3,47.0,36
fyllesyk1,3,38.0,26
morakyn106,3,47.0,36
psyong2009,3,47.0,36
mannheim07,3,47.0,36
JOSESITO0,3,38.0,26
vaggos13remlk,4,62.0,36
bambink182,3,47.0,36
lostres3,2,33.0,26
b14477509,3,41.0,36
jose30209,3,41.0,36
itsmylife123,3,57.0,36
alimagik1,3,38.0,26
carro2008,3,41.0,36
solo2012,3,36.0,36
xamyxa437,3,41.0,36
karan13142828,4,62.0,36
casiel123,3,41.0,36
12341995a,1,27.0,10
84po5ael,3,36.0,36
webhost98342,3,57.0,36
4y4mb4k4r,3,41.0,36
zcw1981111,3,47.0,36
g65h1b5gh,3,41.0,36
hgodxpiz78,3,47.0,36
bosse8055,3,41.0,36
de1313re,3,36.0,36
campel43,3,36.0,36
idexeru522,3,47.0,36
afsana000,3,41.0,36
efxidvacn72,3,52.0,36
caramelo69,3,47.0,36
banwed123,3,41.0,36
udzsz6pu,3,36.0,36
2512woswasi,3,52.0,36
147memduh,3,41.0,36
ilovedmp1,3,38.0,26
iusfpjlxa1,3,42.0,26
colorado27,3,47.0,36
zetox123,3,36.0,36
dhanu0509,3,41.0,36
willshacker11,4,62.0,36
qwer4554,3,36.0,36
y1445667,3,36.0,36
TEKTIN119,3,41.0,36
7758521love,3,52.0,36
igoj0w740luj,3,57.0,36
edwards11,3,41.0,36
lsd35619500,3,52.0,36
niral646,3,36.0,36
574mnstiagof,3,57.0,36
roman13z,3,36.0,36
voiture02,3,41.0,36
35613561a,1,27.0,10
husky123456,3,52.0,36
dani12345,3,41.0,36
xandy2010,3,41.0,36
temnikar84,3,47.0,36
tozihafe11,3,47.0,36
botica123,3,41.0,36
musa123456,3,47.0,36
S9800055J,3,41.0,36
olyucskw52,3,47.0,36
halas360skate,4,62.0,36
4572e39c,3,36.0,36
t23s86g097,3,47.0,36
2abo0ir88af4v,4,62.0,36
abcdef11,3,36.0,36
link2023,3,36.0,36
clave2013,3,41.0,36
iwaxuse685,3,47.0,36
aduday112897,3,57.0,36
idioteque1,3,42.0,26
ks036309,3,36.0,36
smaugue2,2,33.0,26
ixohupo747,3,47.0,36
kentutkopi123,4,62.0,36
julmen6996,3,47.0,36
qylxoapne67,3,52.0,36
1314572y,1,23.0,10
k2gev1012,3,41.0,36
lcjmtub8,2,33.0,26
khurram_,2,33.0,26
mehmet4524572,4,62.0,36
osman5561,3,41.0,36
123456rajput,3,57.0,36
123charger,3,47.0,36
wipyblabora67,4,62.0,36
1l2u3d4y,3,36.0,36
lisa120881,3,47.0,36
usekor528,3,41.0,36
xuanvu3012,3,47.0,36
wingko775,3,41.0,36
mateu1989,3,41.0,36
sara9ans,3,36.0,36
tspirits08,3,47.0,36
uhegadu878,3,47.0,36
xua0xk29,3,36.0,36
xiaoshuai1985,4,62.0,36
kikeweb7,2,33.0,26
ribnar2114,3,47.0,36
75859477A,1,27.0,10
budulinek11,3,52.0,36
baybora23,3,41.0,36
6tequila6,3,41.0,36
ewvjbilan4,3,42.0,26
tallinn1,2,33.0,26
191984test,3,47.0,36
159jose753,3,47.0,36
ylanisu551,3,47.0,36
a252591488,3,47.0,36
rsmdhnlu9,3,38.0,26
cenalt98,3,36.0,36
koasant1837,3,52.0,36
m13345678,3,41.0,36
orecu821,3,36.0,36
wandenberg123,4,62.0,36
durylys242,3,47.0,36
24mirage24,3,47.0,36
cwfgqyl4,2,33.0,26
dm123456,3,36.0,36
MIRANDA1977,3,52.0,36
1sch7ao9,3,36.0,36
awogem684,3,41.0,36
qwvkhbgmd43,3,52.0,36
izswcjtr81,3,47.0,36
38522241y,1,27.0,10
togdupi9b,3,41.0,36
motorola07,3,47.0,36
building23,3,47.0,36
lopo280484,3,47.0,36
yanti8590,3,41.0,36
kechoak007,3,47.0,36
aqysop604,3,41.0,36
cristiano7,3,42.0,26
bodajka78,3,41.0,36
hopubac155,3,47.0,36
perilla39,3,41.0,36
21rozzene,3,41.0,36
blackcat4035,3,57.0,36
hotdog20,3,36.0,36
17.10.08,3,38.0,42
akman4141,3,41.0,36
jicumic110,3,47.0,36
kaq1al6uv,3,41.0,36
25458317p,1,27.0,10
qwerty1234567,4,62.0,36
patososo2012,3,57.0,36
shvedov66,3,41.0,36
karen123188,3,52.0,36
562645roze,3,47.0,36
ldotejyc637,3,52.0,36
15idiots,3,36.0,36
zametovka4,3,42.0,26
flashdance1,3,47.0,26
bugatti01,3,41.0,36
ju27066587,3,47.0,36
quzala970,3,41.0,36
wfj957122,3,41.0,36
2t9yvumj,3,36.0,36
pedronha96,3,47.0,36
smm134679,3,41.0,36
artmis1981,3,47.0,36
bullshits1,3,42.0,26
akuganteng01,3,57.0,36
oslicek00,3,41.0,36
algarve01,3,41.0,36
monde359055,3,52.0,36
c4connor,3,36.0,36
komek22868,3,47.0,36
clyioqzgw42,3,52.0,36
wkdbult32,3,41.0,36
pci53n8eyiy3,3,57.0,36
kuanyin0916,3,52.0,36
yudi2000,3,36.0,36
pnz4136793,3,47.0,36
MAZTER2013,3,47.0,36
greyhound1,3,42.0,26
arigato16,3,41.0,36
asgaliu11,3,41.0,36
ybadoc430,3,41.0,36
strong3000,3,47.0,36
19880428uom,3,52.0,36
kisa7711,3,36.0,36
msms0110,3,36.0,36
reaubench1067,4,62.0,36
ocyce359,3,36.0,36
pasable01,3,41.0,36
aeiha863,3,36.0,36
otek1987,3,36.0,36
auxjgdb91,3,41.0,36
ling100405,3,47.0,36
tallerescapo1,3,56.0,26
olanone052,3,47.0,36
waleedking123,4,62.0,36
xulang123,3,41.0,36
yqugu927,3,36.0,36
m0555667709,3,52.0,36
icekillah123,3,57.0,36
izafvwldq01,3,52.0,36
1katertje,3,41.0,36
zoki1969,3,36.0,36
kmorris13,3,41.0,36
wk7z1tws,3,36.0,36
luiskeko31,3,47.0,36
a3639302,3,36.0,36
k4uwiro6s,3,41.0,36
NADJIE1976,3,47.0,36
rpdytmql8,3,38.0,26
mickael12,3,41.0,36
cimomi707,3,41.0,36
mqjxfwnp9,3,38.0,26
michael90,3,41.0,36
adirocks97,3,47.0,36
webost951,3,41.0,36
fitix834,3,36.0,36
06juli95,3,36.0,36
irondoor46,3,47.0,36
gavhempi4,3,38.0,26
132465qaz,3,41.0,36
millymoo22,3,47.0,36
bismillah786,3,57.0,36
sukamto10640,3,57.0,36
xajypog361,3,47.0,36
gsquare123,3,47.0,36
76m6syzazeg,3,52.0,36
nbu678ky,3,36.0,36
nudody551,3,41.0,36
535375586g,2,30.0,10
mycwmygh5,3,38.0,26
kylebrown1,3,42.0,26
wfkrao10qd,3,47.0,36
94wh89511,3,41.0,36
111980mdj,3,41.0,36
bucizo300,3,41.0,36
clockwork12,3,52.0,36
s14071989h,3,47.0,36
avexu555,3,36.0,36
qivoq166,3,36.0,36
hackdl...,3,47.0,58
unkfvdqr8,3,38.0,26
f.c.porto,3,47.0,58
betillo87,3,41.0,36
kumar712,3,36.0,36
girlsinc1,3,38.0,26
wdreskj580,3,47.0,36
yacinebba34,3,52.0,36
1231234shade,3,57.0,36
7r064g080n,3,47.0,36
locuras33,3,41.0,36
88870200ja,3,47.0,36
l6fpvfvjtruj,3,57.0,36
75kbz6p9,3,36.0,36
bejfwigrs350,3,57.0,36
mariada19,3,41.0,36
heo65nz9,3,36.0,36
designer40,3,47.0,36
yepiz123,3,36.0,36
loramera123,3,52.0,36
babycare88,3,47.0,36
umigvrhd3,3,38.0,26
bigdaddy99,3,47.0,36
86869687a,1,27.0,10
ap0calyps3,3,47.0,36
josip1503,3,41.0,36
oqarapa883,3,47.0,36
idioteqe1,3,38.0,26
helmur10,3,36.0,36
aslan19051993,4,62.0,36
jotitos01,3,41.0,36
islamku123,3,47.0,36
ivanvarenica3,3,56.0,26
21817052q,1,27.0,10
tiopan12,3,36.0,36
gasparq123,3,47.0,36
patrisa84,3,41.0,36
0592241913hh,3,57.0,36
fk9qi21m,3,36.0,36
kevin0061,3,41.0,36
atilano5,2,33.0,26
vadd01718,3,41.0,36
mongomery2007,4,62.0,36
c2h5ohh2o,3,41.0,36
iyan110390,3,47.0,36
blackjack14,3,52.0,36
gypsy0327,3,41.0,36
HACKER123,3,41.0,36
somera123,3,41.0,36
bj2jlqhasvq0,3,57.0,36
G36212898,3,41.0,36
babehbabeh24,3,57.0,36
taogamma21,3,47.0,36
moritz123,3,41.0,36
mimi1975,3,36.0,36
AS0130066,3,41.0,36
grupodos2,3,38.0,26
05gigabyte12,3,57.0,36
claudia89,3,41.0,36
520131444q,2,30.0,10
qljuoxnv68,3,47.0,36
videoders1111,4,62.0,36
143foryou,3,41.0,36
piredo0032,3,47.0,36
aaa77000,3,36.0,36
shinobi26,3,41.0,36
bfrxypt875,3,47.0,36
maw72011,3,36.0,36
bw7h514c,3,36.0,36
tupacone1,3,38.0,26
eee20721993,3,52.0,36
kunaldj43338,3,57.0,36
opcen2009,3,41.0,36
mobster123,3,47.0,36
rockon22,3,36.0,36
9379992aa,3,41.0,36
kiki0502,3,36.0,36
smalls441,3,41.0,36
eavcyql99,3,41.0,36
aa87271358,3,47.0,36
lagacela10,3,47.0,36
galoucura1,3,42.0,26
computer10,3,47.0,36
wem260691,3,41.0,36
evjdpxagf7,3,42.0,26
jasper1992,3,47.0,36
zhouqi198185,3,57.0,36
1404matt,3,36.0,36
kino3434,3,36.0,36
666673serg,3,47.0,36
sonata892,3,41.0,36
9101988m,1,23.0,10
fakeid321,3,41.0,36
mulejar738,3,47.0,36
moimoimoi9,3,42.0,26
wuduwum855,3,47.0,36
GREGORY1777,3,52.0,36
oskars11,3,36.0,36
bulafiji1,3,38.0,26
ma18rios,3,36.0,36
gijor408,3,36.0,36
byqpafmd17,3,47.0,36
khyseni1,2,33.0,26
yaj6835669,3,47.0,36
entebbe123456,4,62.0,36
macias2010,3,47.0,36
mederdark1504,4,62.0,36
diesel187,3,41.0,36
55ebrahim,3,41.0,36
zakhar00,3,36.0,36
kashinn0test,3,57.0,36
printf1017,3,47.0,36
trogweb1009,3,52.0,36
gajev374,3,36.0,36
gemfkoav76,3,47.0,36
8oagep2p,3,36.0,36
gau123456,3,41.0,36
irclon1287,3,47.0,36
ga30032014,3,47.0,36
cibo2009,3,36.0,36
ttawhai1,2,33.0,26
teo495163,3,41.0,36
santiago1989,3,57.0,36
natew108,3,36.0,36
jlansyah9,3,38.0,26
loganskye1,3,42.0,26
adgjl135790,3,52.0,36
ygiwap831,3,41.0,36
negra1992,3,41.0,36
w678cceggh,3,47.0,36
voordo77,3,36.0,36
39wuaej6,3,36.0,36
zmstkfka12,3,47.0,36
bwl6hs89a,3,41.0,36
nomceqyl84,3,47.0,36
34929144tino,3,57.0,36
danito09,3,36.0,36
jabaq662,3,36.0,36
mappala123,3,47.0,36
ivaruse563,3,47.0,36
w1ll1ams,3,36.0,36
q29jyis4q1,3,47.0,36
relva-king,3,53.0,58
08freedom,3,41.0,36
vjipzuy5,2,33.0,26
portales1,3,38.0,26
tukopev777,3,47.0,36
k017390572,3,47.0,36
9h7v4z91,3,36.0,36
hejmed123,3,41.0,36
yhenox833,3,41.0,36
cubsrule1,3,38.0,26
simbolon3,3,38.0,26
cargpr032,3,41.0,36
26112042ab,3,47.0,36
monday2009,3,47.0,36
watyala40,3,41.0,36
69aknofk,3,36.0,36
vova3193646,3,52.0,36
ninja420,3,36.0,36
rumenige999,3,52.0,36
wantwo34,3,36.0,36
cooltool69,3,47.0,36
gavipeb473,3,47.0,36
activate4,3,38.0,26
xjbfsty21,3,41.0,36
hello555,3,36.0,36
kevinjair1,3,42.0,26
de5533602,3,41.0,36
samuel25,3,36.0,36
tudego677,3,41.0,36
smellybum1,3,42.0,26
mediplus8,3,38.0,26
tekagamos1,3,42.0,26
48990814d,1,27.0,10
pa0071368,3,41.0,36
bl4ckp34rl,3,47.0,36
zitong22,3,36.0,36
kill3rs123,3,47.0,36
netin123,3,36.0,36
mario489800,3,52.0,36
sabiha172,3,41.0,36
seanperez96,3,52.0,36
ijaja2010,3,41.0,36
rallekoira02,3,57.0,36
cd8150132,3,41.0,36
xx4138415,3,41.0,36
kciseba24521,3,57.0,36
ask199855,3,41.0,36
youyiwen.com,4,64.0,58
aspirine100,3,52.0,36
martin918,3,41.0,36
szdectoj2,3,38.0,26
qomihiqa5,3,38.0,26
kzde5577,3,36.0,36
lamborghin1,3,47.0,26
pacman23,3,36.0,36
qsgd0c15,3,36.0,36
amax8f3v,3,36.0,36
ovxewmi68,3,41.0,36
yllime123,3,41.0,36
baixo524,3,36.0,36
12sensy34,3,41.0,36
21121993desi,3,57.0,36
pagedown304,3,52.0,36
0su81qycuw,3,47.0,36
441pm2ue,3,36.0,36
xoviba392,3,41.0,36
nidal123,3,36.0,36
mypass999,3,41.0,36
1314520x,1,23.0,10
dragonlp1,3,38.0,26
yasmin983,3,41.0,36
joy112495,3,41.0,36
gregory98,3,41.0,36
yfyfe394,3,36.0,36
america13,3,41.0,36
ghbdtn31,3,36.0,36
gbcaf1w9u1g0,3,57.0,36
lalon1342,3,41.0,36
adilali123,3,47.0,36
uymvwwz5,2,33.0,26
18d07m80a,3,41.0,36
jfk490giwb,3,47.0,36
itdept01,3,36.0,36
zafrul75,3,36.0,36
xicekan215,3,47.0,36
zainkhan11,3,47.0,36
eqajyky510,3,47.0,36
qxkdczfy73,3,47.0,36
gatito11,3,36.0,36
viewty0771,3,47.0,36
0xwv6nf2,3,36.0,36
qfvo4x9f,3,36.0,36
0se0t67h,3,36.0,36
eqygyz374,3,41.0,36
woesje04,3,36.0,36
javtzb86,3,36.0,36
nujydav628,3,47.0,36
pse40130,3,36.0,36
willian102030,4,62.0,36
mdaffandi74,3,52.0,36
gird2696,3,36.0,36
brokensong54,3,57.0,36
z4r4ndok,3,36.0,36
spartiat10,3,47.0,36
vamezuz156,3,47.0,36
rdu84tjljglr,3,57.0,36
najuierb0,3,38.0,26
7280moimfo,3,47.0,36
yohan123,3,36.0,36
stambla1a,3,41.0,36
jovelyn20,3,41.0,36
23sitipisces,3,57.0,36
uwaluc288,3,41.0,36
asdasdf1,2,33.0,26
owyb3j8t,3,36.0,36
s17zcfh1,3,36.0,36
z01234458,3,41.0,36
0169395484a,2,33.0,10
bsr455255,3,41.0,36
w7pv373g,3,36.0,36
podolski2,3,38.0,26
julitros01,3,47.0,36
2013maison,3,47.0,36
ovunak936,3,41.0,36
marou60100,3,47.0,36
elabadmin1386,4,62.0,36
21107695258a,3,37.0,10
wed472yale571,4,62.0,36
olaxasu829,3,47.0,36
csrovflj7,3,38.0,26
b2777w1p,3,36.0,36
pensar21,3,36.0,36
pechugas95,3,47.0,36
mclaren2,2,33.0,26
zgmfnwuq25,3,47.0,36
7o7ig3a4,3,36.0,36
arrahman77,3,47.0,36
martin0991,3,47.0,36
maylos2012,3,47.0,36
reuben1234,3,47.0,36
gharju5gh,3,41.0,36
crewviz02,3,41.0,36
322577DD,3,36.0,36
edinson1625,3,52.0,36
ovatsug666,3,47.0,36
bedagas123,3,47.0,36
wvji730326,3,47.0,36
pwxxyzzz1,3,38.0,26
336902amau,3,47.0,36
shagufa8,2,33.0,26
ca1se2ta3,3,41.0,36
sinucigasu108,4,62.0,36
awtsnozi02,3,47.0,36
relaxing9010,3,57.0,36
jerusalem393,3,57.0,36
chelseafc123,3,57.0,36
vilma06012001,4,62.0,36
dakebejr1986,3,57.0,36
imthebest2013,4,62.0,36
keithcutlip99,4,62.0,36
bajrami123,3,47.0,36
mevale123,3,41.0,36
adebisi12345,3,57.0,36
zcsntdmhe098,3,57.0,36
t1t2t3dd,3,36.0,36
san532490,3,41.0,36
just11nmm,3,41.0,36
z19895136,3,41.0,36
jakki237,3,36.0,36
qeladi964,3,41.0,36
mo0284ra,3,36.0,36
amelocus31,3,47.0,36
rhdofkiv452,3,52.0,36
khualpilove1,3,52.0,26
nop08a52,3,36.0,36
epsonn123,3,41.0,36
yamahar15,3,41.0,36
4351luki,3,36.0,36
kk123123,3,36.0,36
tvnapkew6,3,38.0,26
yxohu759,3,36.0,36
kaleem1996,3,47.0,36
existir000,3,47.0,36
9lvahxv3,3,36.0,36
zafer5485,3,41.0,36
setting123,3,47.0,36
kP82iqDMxNgBMxBP,4,89.0,62
asdfHaRdTiCkY03,4,83.0,62
Nijiclanevolutionteam4,4,120.0,52
P@ssw0rd9024067653,4,111.0,94
katena.korzhaeva1B,4,103.0,68
8Q8EXtDc3NwT5pKz,4,89.0,62
OhsOlejA0MgKMfmp,4,89.0,62
OMQj0rTgyMw6Bfmv,4,89.0,62
rollinglasimu@2132,4,103.0,68
GKRRVoDA5Mwzzb9H,4,89.0,62
qojonuSOGIS419,4,77.0,62
ypuu1jTM5OQiWDLC,4,89.0,62
svnhrbjI1OAtZpq2,4,89.0,62
gUTUcaLyZIf460,4,77.0,62
bl0oYnzA2NwRkNI7,4,89.0,62
qSn9UxDQzOQuraOS,4,89.0,62
d3JWMZzYzNwOlxJE,4,89.0,62
LAK8BlDcwNQ87gbO,4,89.0,62
09budabenden-x.,4,85.0,68
9JK3EpTI0OAV0hfH,4,89.0,62
10Ehrvkxioif4g,4,77.0,62
6kcWj53y180276,4,77.0,62
5V7bWkzQxNAPVBzI,4,89.0,62
840GOBusEzeniwO,4,83.0,62
kristina.obolenskaja0L,4,128.0,68
Zanekurosak10%,4,77.0,62
clave.webhost637,4,91.0,68
vp-18@hotmail.com,4,97.0,68
X3ybxsDE5MQalwEy,4,89.0,62
r4zUbFzgwMgLAHk5,4,89.0,62
295yMJjkzOQRIob5,4,89.0,62
kvvGmdjY1Nw85rrb,4,89.0,62
jose15272312^&,4,79.0,68
TAxEwePEhoG134,4,77.0,62
8tZNxBTYwMAjZzgG,4,89.0,62
etwzeygfRM6wIiB,4,83.0,62
7lnPiRDE5OQJktrO,4,89.0,62
k@t21219039126,4,79.0,68
8zautjTMzMgCZps5,4,89.0,62
B2WHf7TMwNApgv0t,4,89.0,62
cKM3cbTkyNws2OSZ,4,89.0,62
905OBYnalOREKoD,4,83.0,62
PV1n82zM1OA7xCo7,4,89.0,62
G5Z2W4lg138802,4,77.0,62
liCFRg42Xas3cdf2Tg,4,101.0,62
eswTUKjAxNA4frrW,4,89.0,62
TBtnhuTE5NAi1opq,4,89.0,62
cX9FihTI1MQ5OtJC,4,89.0,62
bdFUn8zI0MwLcgsJ,4,89.0,62
S8osAmTQzNwDpRfi,4,89.0,62
vzNKtwTk4NQ6FWW5,4,89.0,62
goFAsUhYwYj801,4,77.0,62
Ko2lO3zk3MQ3BPlG,4,89.0,62
lCoTCDDM1Mg4vRE0,4,89.0,62
UcjTJ4zYyMgfrURF,4,89.0,62
Whispering74233,4,83.0,62
ECeGeBiROMaL112,4,83.0,62
ILICoqahiTe771,4,77.0,62
cJCYUHjkyNww1Jf9,4,89.0,62
ldozpsTEwNQLPOS3,4,86.0,52
Poundstrecher564,4,89.0,62
1BDKtMjEwMg4cSyV,4,89.0,62
g0EUmozQ5Mw5CuXJ,4,89.0,62
WDPcGljk4Nw7u6Jv,4,89.0,62
7MnpUmjQ3MwIcPwg,4,89.0,62
8TCctxjg5NQgZF4S,4,89.0,62
pHyqueDIyNQ8vmhb,4,89.0,62
alagadnibobong1234*,4,93.0,36
golovaha-stela3X,4,91.0,68
TnvdoYjQ2OAY8IgK,4,89.0,62
WhqV7JDY0MwbzLPm,4,89.0,62
RAIJYEA5C8yOv6,4,77.0,62
pen.tee.rat-2701,4,91.0,68
eCnTS7DY5NwKMRCc,4,89.0,62
Zune7ezY4NgJC1V6,4,89.0,62
vHGbHMDA5Mwjx7vC,4,89.0,62
196iMOxYCetoKer,4,83.0,62
muhammadMATEEN12,4,89.0,62
TniRzNzk2OQWkjOz,4,89.0,62
OK3eVUDkyNA64ZD4,4,89.0,62
AkIriPepAKUH514,4,83.0,62
dNE8BJzg1OQzEU1L,4,89.0,62
opYmIFIxuxY429,4,77.0,62
Io0tb2TUwMQcMaUP,4,89.0,62
730iWeKUWeRUNUj,4,83.0,62
b4cQeeTE1NQlTozB,4,89.0,62
c86WXgDE2MwXFhSH,4,89.0,62
9I0ud3TM3Nw8n3B6,4,89.0,62
DCAdministrator1,4,86.0,52
73NV0qDM2MgctpZL,4,89.0,62
samardziev1987!,4,72.0,36
TwhfmODUzOQImX9L,4,89.0,62
marysexy66@outlook.com,4,128.0,68
1234567890qwertyuiop[],4,128.0,68
VvUgKwDc5NAkKrle,4,89.0,62
r7EZVHDgyOQ3jXP5,4,89.0,62
wCXXoIzY1NAN6Hc5,4,89.0,62
598OVIxEjYGeve,4,77.0,62
5199950011097413JORDI!,4,109.0,36
b4NbTxDEyNgG141J,4,89.0,62
GreenDayrock123,4,83.0,62
impressed1987H,4,67.0,36
iDIJJMTI4NQnP8qm,4,89.0,62
S3bfYsDI4NgB7OqL,4,89.0,62
10Elgei1ygybpw,4,77.0,62
juan884.quintero,4,91.0,68
OurloveYAKRN2107,4,89.0,62
ga98SIzk0NwhiZaE,4,89.0,62
cfh-Wp7-s4B-68f,4,92.0,94
0TjGw9Tc4NAYmPw1,4,89.0,62
Festivales2015,4,77.0,62
7r6VZCTY3NgFSnx9,4,89.0,62
EwsiKkDgxOQhBjW2,4,86.0,52
K4wwHdDIzNQgfk1w,4,89.0,62
Iamthelegend1!,4,77.0,62
10Eeuweg2ic34u,4,77.0,62
847wOWuwANUPAVu,4,83.0,62
0yhrSJzQ4Nw5jNTH,4,89.0,62
JfNdlIDQwMAe6vFm,4,89.0,62
uQtxpajIzMQfngh5,4,86.0,52
ZGqRKgjcwMQqFz0B,4,89.0,62
MariiManko151515,4,89.0,62
eKJKuJTI5OQVhpir,4,89.0,62
H9pBclDM0OQYxSxV,4,89.0,62
461OsyCipucARI,4,77.0,62
Et9ow2zMxNQWRdcb,4,89.0,62
whYYI1jU2MQJdwhO,4,89.0,62
iD1CO4Tc0OAGE5dO,4,89.0,62
i07rzYDg2MA12B9B,4,89.0,62
237dOMiSYqyHypY,4,83.0,62
AsiXvHjU3MAF0GMD,4,89.0,62
ZReSXODUxOA98fW3,4,89.0,62
Ssn9MqTkyOQTTcQb,4,89.0,62
475vuZyteweTuj,4,77.0,62
temptation759T,4,67.0,36
wW3ragjY4Ng7sDPV,4,89.0,62
FYlqAvzg0OQMAMlq,4,89.0,62
YOjnXZDUwNQa6Y1T,4,89.0,62
WjRKVKjI2NAcIhju,4,89.0,62
Oshity07142014,4,77.0,62
YcAzimAKuLym370,4,83.0,62
1F7QKJTU2MAvUIOA,4,89.0,62
ZGRLcMiAJqBXD7X,4,83.0,62
L1asmdzIxNgSPkij,4,89.0,62
Information512,4,77.0,62
nFn2eDjgyNQBb2xQ,4,89.0,62
FS7idnDU4NQ33ssx,4,89.0,62
KIY5gHDU0NAom0y2,4,89.0,62
LXNdOxzk3NQDPiDV,4,89.0,62
RslsHeDM0NQ5kckq,4,89.0,62
t8IkFRDIxMAFV2JW,4,89.0,62
Zcedvuzg2MQXnxSb,4,89.0,62
jUV4dSDQwNwPpA36,4,89.0,62
nxQbTjDE3MwoqrOY,4,89.0,62
PiJyFyMyReh164,4,77.0,62
AjVvHITQ4MA5UUxa,4,89.0,62
DfLpzgTM0NQmZz3l,4,89.0,62
X2VTn6ooY7gj59,4,77.0,62
811cERetyMOpeW,4,77.0,62
Zk3n7djY2MQCtM9x,4,89.0,62
Ralphjasareno18ace.,4,107.0,62
Plara250788Uwa,4,77.0,62
AThNJkTAxNQs46Ju,4,89.0,62
eOsMFVzk0MQclzo1,4,89.0,62
rootssun-day972,4,85.0,68
j97QNsTQzNQKPbX9,4,89.0,62
bnUNeTTE1NwRxKcK,4,89.0,62
BSfiD2zkxNQWyzyr,4,89.0,62
AlwisaiankDwi20,4,83.0,62
BK4rx9TkxMQ5sES3,4,89.0,62
28202Mkuska1953,4,83.0,62
ywL27bDc4MwsgrKy,4,89.0,62
dy9oH5zc3NgVhvaU,4,89.0,62
RRaa--72783530081984,4,125.0,94
Gb5zJGzQ2NA3dEDN,4,89.0,62
XxOM1qjAzNgqS4FM,4,89.0,62
plwnjmzA2MArVhmf,4,89.0,62
jyHJdUzE3Mw1Kuny,4,89.0,62
YJAxOfosIsUF350,4,83.0,62
9ET2KKDQ2Nghg5Ry,4,89.0,62
6U3xJzDE3Nggz3L1,4,89.0,62
QAhuvUQycYB356,4,77.0,62
8Hcl5VDA0MwqZOOF,4,89.0,62
XsL9SCDU5NwsuEcq,4,89.0,62
Bkpx4IDE1NwTh37u,4,89.0,62
7RYHiazQyMwMaPX7,4,89.0,62
C7Of4PDA2NAGec9J,4,89.0,62
fBIt0ojMzMwMqTxA,4,89.0,62
4InX9MTY3MAkFpSp,4,89.0,62
5kpDbpTcxNgwjgXe,4,89.0,62
zlata.kutlyeva1F,4,91.0,68
OfETUkobYtog459,4,83.0,62
SobYJIQebyzU798,4,83.0,62
128lIpaMImINALi,4,83.0,62
R00IFZDMwMQk93EA,4,89.0,62
woCXvLzU5MwfNhSa,4,89.0,62
UcOa38TcxOQKzDrh,4,89.0,62
dK4dWOjM1OAPeisw,4,89.0,62
c04jbtTEyMwM02ur,4,89.0,62
auZy1oDM2MAbokgE,4,89.0,62
radhakrishna@8384,4,97.0,68
BmjBXEjUyOQLCi3L,4,89.0,62
OQmRL8TY4MwagaJ0,4,89.0,62
uDa36wTQ3MwRdp37,4,89.0,62
ZLEBsyjMwMQ1XjGv,4,89.0,62
PUZk2uDAxNAbknfM,4,89.0,62
093UdUnEgYkuXa,4,77.0,62
gw8TUJDA4NwltwkC,4,89.0,62
sYGPB4TE3NwFyFqa,4,89.0,62
smEli4TkxNwkpkBh,4,89.0,62
nd2voRTg3MAkk6GF,4,89.0,62
X1ufxgjI2NAn9MSe,4,89.0,62
os1FTGzQ1NQnpmdM,4,89.0,62
bpYZeoDU4OQ8QckU,4,89.0,62
xyHttPDc1OAzzkkm,4,89.0,62
21121989basis@$,4,85.0,68
urbano10_95SMU,4,85.0,94
XUpZb1DY4NQKJoxV,4,89.0,62
jgyXdsDAyOQqP4z3,4,89.0,62
PKd1O0TUwNw77FNZ,4,89.0,62
5092PkDU2NQKqoTj,4,89.0,62
oyM1ZHTUyOAwzTRg,4,89.0,62
Imw435yrstefcirclE,4,101.0,62
f4gam00r7_su.1c3,4,91.0,68
Gral.12-Miguel,4,85.0,94
qS1jcvDMxNAkvjz7,4,89.0,62
Lehrrahcilhe@123,4,98.0,94
voTo27jMxOAHE10e,4,89.0,62
hUwTpiDA0NA7gd6x,4,89.0,62
YE3blwTA4NQHfl6f,4,89.0,62
254teXYFEtaHUdA,4,83.0,62
rLLh4WDQ2OAWbDO5,4,89.0,62
cirOsuHoGuT788,4,77.0,62
1ug2UKzQyMQBsleD,4,89.0,62
hUhVotTUzMgH1Gz3,4,89.0,62
k64ORyzE5NwAkgZE,4,89.0,62
o7ShLdTM0NAQRI7E,4,89.0,62
ZCKTs4jkxNQTZVVP,4,89.0,62
DgrjofjEyNwJ2RQu,4,89.0,62
Kraisorn0839193648,4,101.0,62
CwGNb2TAyNwYZega,4,89.0,62
Echelon100@100,4,85.0,94
hShWvXDQ0MgTKeux,4,89.0,62
5vdxarTM1NArBWOM,4,89.0,62
2CQh4MjE3MAgrA9P,4,89.0,62
queteimporta*19,4,85.0,68
LEw43PTI2MA3uH9x,4,89.0,62
OigsJFjIxNA4K4o8,4,89.0,62
1pNhpHzA1MA8POmt,4,89.0,62
R1mMjvjkxNQ3Yyj4,4,89.0,62
ZljxXSDg2OAHjTXc,4,89.0,62
1ps322zY3Nw88iO7,4,89.0,62
pedrosampaio-10,4,85.0,68
Wtu5koTcxMQ0IIgJ,4,89.0,62
jrTWs9TQ2MwzzIOc,4,89.0,62
10Erjrlmebup0n,4,77.0,62
iamokay10.12.2012,4,97.0,68
SemenetsSemen1996,4,95.0,62
L10AFGjEyNwt8uCp,4,89.0,62
MqQImETA1OAKUbWg,4,89.0,62
3UfQelTE2MQQqY0u,4,89.0,62
yRRoqnjE4MQ0pEYU,4,89.0,62
shakes@000webhost,4,97.0,68
wFYpVQzc3OAFKFsc,4,89.0,62
FyS5rSzYwMQJZy9n,4,89.0,62
AOKjRizg2NAGjZou,4,89.0,62
740URUQeJUsAbI,4,77.0,62
XhO1HoDQ3MACPhRH,4,89.0,62
746xitEGiqObog,4,77.0,62
kAzLsszk1MA3WWV7,4,89.0,62
LZci798HnW8Tyw,4,77.0,62
Maadhukarthi2507!,4,95.0,62
epljBUTA5MQzCPGS,4,89.0,62
yujzvFTIxNAKkG2Q,4,89.0,62
85Wxf1zkzMw79qkj,4,89.0,62
Dq9VtNDQxNgxDvpv,4,89.0,62
GreTongan411!@,4,85.0,94
IjF0Z5jIxMA8CpbF,4,89.0,62
3q5O1XOrG5A112,4,77.0,62
antekaigamhsou!007,4,103.0,68
LFYffsjg0Nw2gtbb,4,89.0,62
vuqADUSatAJO800,4,83.0,62
BMo6u6DI3NA26vWO,4,89.0,62
mariGanaGiovanni17,4,101.0,62
7FxcnWaDZ3MAxW2,4,83.0,62
wuzhaofeng1998-,4,72.0,36
EF22yljU1NAvyOX7,4,89.0,62
SLAEgyTk0OQxphJq,4,89.0,62
oVyXNdDM1OAH7qpv,4,89.0,62
YNiKyFYreso270,4,77.0,62
wxS2ztDk4OATjBfI,4,89.0,62
emDVU7TI2Nwgw0Wi,4,89.0,62
FTEhO7zk1MQhrfai,4,89.0,62
ANYtYSiKiSU051,4,77.0,62
398GOtAnOWunuP,4,77.0,62
LS12HhTYwNwESx4x,4,89.0,62
mVPohLTUyOAM6SQP,4,89.0,62
ploughmen1988C,4,67.0,36
318iZOZUFILyHIp,4,83.0,62
rxJRbejEwMADOsJ4,4,86.0,52
kYMeKEQYPEL173,4,77.0,62
5f2lb2DIyOAGHhO3,4,89.0,62
PFWADXzAxOA36c6S,4,89.0,62
EkYTOVyhoNe593,4,77.0,62
bhaBrisbaneSean0911,4,107.0,62
3bzclrTA1MgAtIqE,4,89.0,62
ybdgcvjk3MwmPu76,4,89.0,62
OlzQnFzUwMAQ8Uuw,4,89.0,62
BanhCuonHoa12#,4,77.0,62
1n1STNzIyNwxfjWl,4,89.0,62
zhizao77383@163.com,4,110.0,68
Juliancamilo3177756482,4,125.0,62
6sHCoKDY2NAHyAGi,4,89.0,62
Cg7sOgDMzMQvvr9w,4,89.0,62
dag7I6Dk4MQh8GCI,4,89.0,62
pwVLuzTA2MQu2LdI,4,89.0,62
XAp7Lizc4MQMNoRN,4,89.0,62
awycUNIsiRyM770,4,83.0,62
glowcs741852963+-,4,97.0,68
Edus9RDk0NgqPZAu,4,89.0,62
302XFGzI5NgeMtFw,4,89.0,62
CCQJE2zUxOA3o6fz,4,89.0,62
QJMLgUjI2MwoA9zb,4,89.0,62
9ZZUFyjcyNQ3eBo6,4,89.0,62
180RezOWasOFYSy,4,83.0,62
RXmZwfjY5OAbzI2w,4,89.0,62
hVvrNPTU5OA2DLsV,4,89.0,62
nurlan.maksutov18091994,4,134.0,68
backspace@1234,4,79.0,68
HztlccDUyOAY0uBP,4,89.0,62
GMCCliyuxuan4088,4,89.0,62
slava_ruza07041970,4,103.0,68
vdLq5FDc4NwzSKcA,4,89.0,62
Fiesta20112012,4,77.0,62
delikado34@3ab,4,79.0,68
wzf19980603321-,4,72.0,36
GSpZYLDc0NQZ4B1T,4,89.0,62
JYimqWjM1MgBPGO9,4,89.0,62
Landinromero123,4,83.0,62
sz9OHzjE5NgivvzD,4,89.0,62
XR362pTk1Nww13dq,4,89.0,62
tiKRdGDM5OAGNUgp,4,89.0,62
TdxHxmDY5NQZvL3M,4,89.0,62
guNypUsyJUj283,4,77.0,62
guHv8NTQ5NgR30C3,4,89.0,62
KhDogwzMzMwpg8l9,4,89.0,62
JustinSemper@0410,4,105.0,94
1sT3hrDg4MwZajIn,4,89.0,62
8RwGr7TIzNQzncwJ,4,89.0,62
sVhNjLzQ1NQPm58W,4,89.0,62
9uSWOFjM0OQ6xCoI,4,89.0,62
P4yksrjk3MQd6S4z,4,89.0,62
2Bblz4zgyMg8YjIO,4,89.0,62
AUL2H9jgxNgJr9y3,4,89.0,62
wGUbHazU4NgBjD2j,4,89.0,62
qNNGO4TY1MgwVr7U,4,89.0,62
HpyypFDIxNwtjdV9,4,86.0,52
TLOkpsjQ0NwsUlsY,4,89.0,62
Iha5PgDc5OAXMG8M,4,89.0,62
422xEHykoHyBydy,4,83.0,62
Qw3CtiTUzNgg9Ft5,4,89.0,62
MIUpT1jg5OA9MryM,4,89.0,62
klara-tershina3H,4,91.0,68
eKPANODA5NQrO3ic,4,89.0,62
PDK1LODYyMQCozTO,4,89.0,62
kzue9OjA5NAU9qLK,4,89.0,62
9Qxi6VDk2OAxhSh4,4,89.0,62
Q3Xro1Tc0OQ3Mp6t,4,89.0,62
tksURwTM2Ng8Clsi,4,89.0,62
tJT1wiTU4NgndnjQ,4,89.0,62
10Er5b5iql3zo3,4,77.0,62
yqimZsDg2NwQPPGD,4,89.0,62
ikozzUDU2MQtJlXR,4,89.0,62
uoM6paTc3NQRESH4,4,89.0,62
P2KAnRDI5OQO35ln,4,89.0,62
aaWWv5Dc5Ng4kOfq,4,89.0,62
myfirst@guitar041289,4,116.0,68
WUt9IZzE0OQ7PkNE,4,89.0,62
KwJRUpYZt1PmEinO,4,89.0,62
QWERKaelani04032014,4,107.0,62
Co6hXvDgwOQwKIDy,4,89.0,62
4W9lavTYzMg8Mfui,4,89.0,62
coolSamiSheikh1234567890,4,137.0,62
W8cbdqsjh32fqQog,4,89.0,62
RadioMaryjaSsie1,4,86.0,52
quechuchapE174,4,77.0,62
golovkina-jaroslava3J,4,122.0,68
WYMeMSjUwNwk6ji5,4,89.0,62
kM7odxDcwMQBcmMv,4,89.0,62
a88RqcZeHyCC4Y9EI6EW,4,113.0,62
hAMuJuGEXOK841,4,77.0,62
WYDGK7jE3OQPPHeY,4,89.0,62
zcwjFWTU1OAGLGoG,4,89.0,62
INogMtzk0OAO0Fjt,4,89.0,62
zRRlS7jY3NwewsKP,4,89.0,62
aLoryLOfanYN403,4,83.0,62
cr88mt09dm26-2011,4,97.0,68
YVvv6NTgyMgHCJAx,4,89.0,62
SsI07rzM4MATZOlI,4,89.0,62
jF6Wb4DQxMwYvgiq,4,89.0,62
FDOBBqzM0OABcHrB,4,89.0,62
tpHiMRjg5MQHL0uS,4,89.0,62
lkaoE1DQ5MQzDeKO,4,89.0,62
usla0TDM5MAa4qjz,4,89.0,62
kataeva-kristina2Z,4,103.0,68
SANuTymIXiJ985,4,77.0,62
htH4KCTA2MQSiZnD,4,89.0,62
jorge43#21marisu,4,91.0,68
baldagueva-klara2J,4,103.0,68
Juliana79121908226,4,101.0,62
752inUHozYLyqUF,4,83.0,62
1jzdjfzUzOAZHURZ,4,89.0,62
FZH59wDAzMQ51o8O,4,89.0,62
GPMUfUTQ1OQF1mnH,4,89.0,62
BtA8SZDA4NACmNX7,4,89.0,62
LDf67DDM0OQL5oQI,4,89.0,62
1wNEm8zYwMwmHImC,4,89.0,62
4yjS0gDExMQOUkS3,4,89.0,62
cztPECjY2MQGFxnN,4,89.0,62
CWXQNiTk2MA5KbeA,4,89.0,62
BYFiCYPOHEG599,4,77.0,62
149uJagEmEWAzy,4,77.0,62
E8kzhXTc1Nwogq5A,4,89.0,62
Kp7lMnDk3NQLnUup,4,89.0,62
RHrESkDI2NgqrXV2,4,89.0,62
1OaCKCzgzMAPv2ou,4,89.0,62
316COVykiZIHyMy,4,83.0,62
447QOFIqePYvoW,4,77.0,62
"!""64~J""bL+^/NGZ$CNfUbE)?Pvapt9""uY7s",4,256.0,94
6A2GQ5TM0OQ6S1dS,4,89.0,62
lq2I4fTA4NQ1J61D,4,89.0,62
katena.safonova.790S,4,116.0,68
8236693ugd.idv,4,79.0,68
20UF8nTk5MA0ID8F,4,89.0,62
0lELoCDI1NAy8u7D,4,89.0,62
Alexandre1596123,4,89.0,62
cxZLmFDYwNA1lUK9,4,89.0,62
PfXck2zc0NAFdPZv,4,89.0,62
QP4xDrTc5MANJUdv,4,89.0,62
PCkEPBTE4NQ4Tnbm,4,89.0,62
IWgXz6TcxNQJd6TE,4,89.0,62
11E3h1zyxmx4kb,4,77.0,62
shH3t7TcyOQwKRLt,4,89.0,62
908bUzASYbywAC,4,77.0,62
w6cJfgzYyNghkOmJ,4,89.0,62
PA91qKzYyNAgzXnj,4,89.0,62
Isegb2TMyMQePE0M,4,89.0,62
Monstergorilla28,4,89.0,62
zm2L0jTI2NwI3t8K,4,89.0,62
631ihOZogELoVap,4,83.0,62
nolpcCTcwMgVH6AY,4,89.0,62
XUygXMTA5OQ13sTq,4,89.0,62
QRU4ANjk2MQAy9FE,4,89.0,62
prasad@9527112972,4,97.0,68
vSdaYFTk4NAsucSk,4,89.0,62
U73yDDDI3MwHmp43,4,89.0,62
tPGMkBjkyMg3hGzu,4,89.0,62
mZu644jg1OQLXqYt,4,89.0,62
jeG2XAjQ2NQIWcKu,4,89.0,62
zs4YmuzUxNgP78fX,4,89.0,62
fYlyqQjQ2NA7nHsG,4,89.0,62
zuiYeVTUxNQp0zqv,4,89.0,62
q334wHjk2NQyYjSm,4,89.0,62
pBVNPZzYzMQL8NYA,4,89.0,62
peY1uQDYzOAPhfzV,4,89.0,62
b8Z73tzI4MgnIihC,4,89.0,62
L2i2ZwTg1MQajeBm,4,89.0,62
sYDtFDTc0MQlTVYu,4,89.0,62
rHpLaizg0MwglbCa,4,89.0,62
uWOAMBzQ0MAtnBvF,4,89.0,62
zLF8TMDY2OQxXEL0,4,89.0,62
is7C0rTg2NANalwJ,4,89.0,62
cfMLEyTczMA5YRIG,4,89.0,62
AdUm3NDEwMAN2LSY,4,89.0,62
cR4jPqjY4OAqcQMk,4,89.0,62
elyass15@ajilent-ci,4,110.0,68
GC2WcLDUzMwTrkrw,4,89.0,62
LOK4iSTQ2MgY9f9s,4,89.0,62
gFIbFYzMzNAdK1yy,4,89.0,62
Informatica114,4,77.0,62
5YkFdfDQ1NwS0a4y,4,89.0,62
Q5a16RjI2MQKqX0C,4,89.0,62
I64WYVTUxOA5A7lr,4,89.0,62
kxlzL9jUwNwKitJJ,4,89.0,62
Medo01024504860,4,83.0,62
whS9YBDA0MAQCyS2,4,89.0,62
hqh2eYjQxOQPYIsA,4,89.0,62
Slayer651!2@3#4$,4,98.0,94
XvfnFeDA0MQQL091,4,89.0,62
9NggpUDY5MgrKAMF,4,89.0,62
ieo2O1Dc2Mgs997A,4,89.0,62
KioONfzgyOQk6SwH,4,89.0,62
Aparensis1988.,4,77.0,62
JoaoAfonso13102005,4,101.0,62
JFz9CfDc1NwghLug,4,89.0,62
455ZYfUzukiLUG,4,77.0,62
cPM2ZLjY5MAZW3JW,4,89.0,62
LyJ5etDg1MgC9IPE,4,89.0,62
mRPi9GfxX0bTey9,4,83.0,62
0tlrmuixqIMHgwDH,4,89.0,62
thelegend1Blake,4,83.0,62
QgdwwejAwNAA0YUk,4,89.0,62
Raaj01715030123,4,83.0,62
okLrUdTQ1OQCLsWa,4,89.0,62
F8Ax8OTM0NQbSkAB,4,89.0,62
248sUqiFEJuRag,4,77.0,62
xRLoHUTIxNg0pIF9,4,89.0,62
QJVO7UTkxNQbowL3,4,89.0,62
x0XpfHTg5Mg8wyO1,4,89.0,62
XvfPe5zY0MgT78nU,4,89.0,62
980428839@anders,4,91.0,68
eqipeKaxekY810,4,77.0,62
d6VyrkFV6oblxNs5N8cW,4,113.0,62
mendoza_0061@yahoo.com,4,128.0,68
9rLDrbTI3Mwbib6V,4,89.0,62
jEzZXUTE3MgJ4fVk,4,89.0,62
CeC7M3TY5NwUvl77,4,89.0,62
Yomdv0DU5OAjrnOx,4,89.0,62
X85GT4jkwMwICRRw,4,89.0,62
QmgYNFzEwMQN3272,4,89.0,62
LeYJYnjA3Mgtp2Di,4,89.0,62
Un70b8TE0MQcOv4A,4,89.0,62
RqsuUsDYxNgr8T40,4,89.0,62
naga_3333_seelam_9999,4,122.0,68
ktcKsezIyNwmWPS3,4,86.0,52
266iZYBelEXUbi,4,77.0,62
732GiLIrUhUmEga,4,83.0,62
zFfOJ0jUyOA1CvWn,4,89.0,62
chinna.143.deepu,4,91.0,68
3.975.253.M.45,4,79.0,68
tpD42cTE5Mgm86ag,4,89.0,62
d8Ei0dTMwOQIW0wg,4,89.0,62
FQWXVKDk1OAgiI42,4,89.0,62
WapQ97jQ4NgbHAcR,4,89.0,62
a6EzyYzU2MQ0TBps,4,89.0,62
0e73IzDU0OA9ReR0,4,89.0,62
6hqGbtTM3MgHirAw,4,89.0,62
m02Nr8DgyNgzscLl,4,89.0,62
r4Yc8VDA5MwA7YdM,4,89.0,62
bVJtMhjE3NgHPUPL,4,89.0,62
zSMcSdDA1MAlD0XY,4,89.0,62
61901616BADAUkat,4,89.0,62
0gIXgxDEwMgwyAOA,4,89.0,62
hcxQVUTA2Nw4Jmzl,4,89.0,62
teamoohelen_007,4,85.0,68
z43YZqTcxOAxKI08,4,89.0,62
ep3yd5dp4teyn2H,4,72.0,36
BsKbJHTY4NgesCOs,4,89.0,62
lgOxpvjMyNwpanf9,4,86.0,52
iLLiHkzU4MQfSkgL,4,89.0,62
VLWz6wDY2MgCfBgX,4,89.0,62
03mBzAzUzNAPDeQm,4,89.0,62
mr.zizo15975386,4,85.0,68
Thekingisonlyone1,4,91.0,52
Volter>zweig85,4,85.0,94
w4eyFyzIzMggNRqF,4,89.0,62
RhbN2XjM2NQzPvsM,4,89.0,62
tkpVA8Dc2OAis5tX,4,89.0,62
Gv25lrDg2NgSx471,4,89.0,62
mayur@8netinfotech,4,103.0,68
OqUWoKEGYsO134,4,77.0,62
VbuvmOzQyOAU5Ud2,4,89.0,62
nv04AUzczNAkftG2,4,89.0,62
uOw3LmzI5MgyTTn6,4,89.0,62
BFhYf2IfzGfAy83,4,83.0,62
Scipio21152030067254,4,113.0,62
ba5E5CzMwOAGZzfw,4,89.0,62
UfkpTtTEwMAh77a6,4,89.0,62
jxukpcjYxMAYh9ML,4,89.0,62
GZDmPqjI0NgrRxph,4,89.0,62
08NM0yDAxNgVFYKx,4,89.0,62
1inXYITQzNAFlSKb,4,89.0,62
khmer100.03278&?><Mnb,4,131.0,94
2XIpCjzA0MgEo1ky,4,89.0,62
Vzd1GlzcyOQ55Fhw,4,89.0,62
B0fyV0DIzNQ9aZV3,4,89.0,62
FDc-o5Y-k49-tNQ,4,92.0,94
0GBVyOTYxMQg0Sax,4,89.0,62
BnwczEzA0MgIcc1b,4,89.0,62
la8K8tTAzNwajOwF,4,89.0,62
Ci9uFUjExMAuXcxu,4,89.0,62
qw28GXDA2OQqYgP6,4,89.0,62
rK95eZTk1Mwcg95Y,4,89.0,62
miTIqIfAbihi801,4,83.0,62
khristina.galkina0W,4,110.0,68
dSjKkvDg5MwSvDAe,4,89.0,62
F15eagle190883,4,77.0,62
8t7Ft97SoqGO6o,4,77.0,62
nLIGyhTU1NQTAp6u,4,89.0,62
tutimdinhe2014@,4,72.0,36
JinVB2zEwOA6CzqU,4,89.0,62
HDwoUsDI5MAytBe0,4,89.0,62
RBLIPvDY2NARpQK6,4,89.0,62
3f56tKX_6z-3g/v,4,92.0,94
NcKDmrTIwNw6Qyvp,4,89.0,62
cHTySgTMxOAir3bR,4,89.0,62
UF1Z2WjE5Mg26R1K,4,89.0,62
a3Q1w9TczMwOpADH,4,89.0,62
lYHEsczE5Mw2rU7P,4,89.0,62
Bb7L4UDIwMgB3JFc,4,89.0,62
17YrYfTA1Ng6t5Lt,4,89.0,62
TIPIXUQiviGo461,4,83.0,62
Z8IZCczY1Nw0mm31,4,89.0,62
enoJaGoxuPe005,4,77.0,62
Danielajudania0109,4,101.0,62
JfbZ4KDEzMgiCBdq,4,89.0,62
rmJQdTDQ4OQe0qZC,4,89.0,62
magdalena*1984,4,79.0,68
HtLcrCDYxOA3obZV,4,89.0,62
000webhost@233,4,79.0,68
iEyWVXDI3NwdszVM,4,89.0,62
jose.elpapi0621,4,85.0,68
QxyZ7ljc3Mg6x27Y,4,89.0,62
C9MGAozk5Mwt0nq8,4,89.0,62
pan/18/04/2542,4,79.0,68
Aprendizaje123,4,77.0,62
hPZMr8zA1NgPMYMU,4,89.0,62
lLHBGrDQ0MgRFu06,4,89.0,62
slathered1972T,4,67.0,36
Okn4tuTc3OAYSN8f,4,89.0,62
KGtTIOjgzOAjw7x2,4,89.0,62
0u9AlATc0NwVzicQ,4,89.0,62
5jF19hjc0NwRy0Xi,4,89.0,62
YUWOdRjMyOAf99EG,4,89.0,62
MOQafUliPAD280,4,77.0,62
hMezsNzkwNwm7PVY,4,89.0,62
q4Ger4OX7S2GZ3,4,77.0,62
zsNFgNDA0MwbbzmB,4,89.0,62
bIs10MDAyMwxTHDF,4,89.0,62
FZ7QwPzc2MQxT2eD,4,89.0,62
47G22t02Z0ZG1t,4,77.0,62
B8teD0TkzOA8OUHs,4,89.0,62
F9X43KzYzNAy3iie,4,89.0,62
k9DVPazk0OAEYvrA,4,89.0,62
25gVTATUwNQMYOJ3,4,89.0,62
HEWATYsyMEGu435,4,83.0,62
YxnVm0zkwNAlOU4Z,4,89.0,62
626aKutamODAnO,4,77.0,62
THTVuVilg2oG0kK,4,83.0,62
amEBuCOHEKo908,4,77.0,62
9IkklSTc1Ngjufq3,4,89.0,62
DIaggBDQ2OAmIt1T,4,89.0,62
IjUcOtYqAwel725,4,83.0,62
ITf9t2zY3MA6Q4o7,4,89.0,62
FigQYwzEyMwc1X2Y,4,89.0,62
VMjz4eTkxNAbOyUU,4,89.0,62
LjzlHBJihv8Oiwh,4,83.0,62
radhavasu1952&***1953,4,122.0,68
DFOZeDDM4NQCW9sF,4,89.0,62
4TXr5KDYxNQVTo4g,4,89.0,62
FsQdEoTY3OQ2un6R,4,89.0,62
vseslava.dubinkina0J,4,116.0,68
IP1yaTDUzOQWAeI5,4,89.0,62
rbACu6xwZUGVFSiHvJfX,4,113.0,62
AabBpFTY2MwroqPk,4,89.0,62
KyXup7jY2MALljez,4,89.0,62
lX0zMWjM3MwifFI8,4,89.0,62
X34y2CzY5MACs6kp,4,89.0,62
JfMczzDQ1MwNNml5,4,89.0,62
Uz491IuQ197JdZn,4,83.0,62
rUPV0njA5MQeXFbU,4,89.0,62
Sup3rm3nt4l1st,4,77.0,62
YXEvEleqemO614,4,77.0,62
4MskveTcxMgJNoe4,4,89.0,62
YHxzLJzkyMADE5C6,4,89.0,62
chalachithram@123~,4,103.0,68
jkcSWKDY4NAlybY8,4,89.0,62
232140008SNV-123LX1,4,110.0,68
KCcBQUDk1MwfSBeg,4,89.0,62
zina.kulikova.871U,4,103.0,68
pZiZN0TQyNQBuzyu,4,89.0,62
IrreleVant@769?,4,92.0,94
nqCY0RjYyNwZLjRT,4,89.0,62
sandeep@dangi5786,4,97.0,68
J0igo0TMxMwpnCA0,4,89.0,62
3CgRg8DA1NQY1iEj,4,89.0,62
UEBaWZTQ2OAfwU5E,4,89.0,62
vFAY4CjU0NApPL0H,4,89.0,62
pC8eStDUyOABxKey,4,89.0,62
LxQzFgjI3MgLQt5d,4,89.0,62
BR5nIZzA5OQkiRX0,4,89.0,62
8zjk4RDQyNwojys9,4,89.0,62
ixehawojEPe418,4,77.0,62
SoTdI1TM2NgfQOcW,4,89.0,62
Jainnancy116@gmail.com,4,138.0,94
7yUkxOTIxNwI5NdC,4,89.0,62
L0pmsHzIzNAgMnF4,4,89.0,62
ZYziwJDA5OAX0wbs,4,89.0,62
cerrigydrudion1981G,4,93.0,36
639CYQOgUNAWUGe,4,83.0,62
honeykuabc123...,4,91.0,68
D7svTSjQwMAuZhMm,4,89.0,62
4lgYVfzk1MwuzHcn,4,89.0,62
pvNM50DIzMAJCwHi,4,89.0,62
oVp08mDAyNwuDdh8,4,89.0,62
UiUOKmEW707707707,4,95.0,62
1cHpzNTY3NAFgEaK,4,89.0,62
ricciolino@2012,4,85.0,68
aRAREQixAfYr268,4,83.0,62
y7FilGTg5NQb4wZv,4,89.0,62
Q3UOFHTkzMQAcLUC,4,89.0,62
RfQHLSjg1MgBrm1S,4,89.0,62
8mKJ4jzg1NQLRTGF,4,89.0,62
1hj2mLDcwMgpStXS,4,89.0,62
XqMB7vDMzOQocAFV,4,89.0,62
wrFI9ejUwNALzYdr,4,89.0,62
fundamental1985V,4,78.0,36
WangMingZhe@host,4,96.0,84
d4BwR1zkzNALaLbp,4,89.0,62
eAtpdjjI2NQLve9O,4,89.0,62
DYV0hVDI0NQA9ziU,4,89.0,62
GEXmUhchH3RCDwYtB588,4,113.0,62
mZLvFfTI3MQXwoir,4,89.0,62
123#SÔmnhyeuem,4,92.0,94
xODY0hjgxNQnkQc2,4,89.0,62
lXBs0DMCab3ok0nVcCapzRUt,4,137.0,62
PHOTOshopPRO100,4,83.0,62
Xq0cetTI4MAqpnGf,4,89.0,62
xW8-3w7-MFB-CKH,4,92.0,94
Ec5tUBzU0MQR97Ur,4,89.0,62
1GMY1oTg5Mwwzvoc,4,89.0,62
Staterkom20081993,4,95.0,62
65eDSmzk2OQzSC6I,4,89.0,62
9eRjdOTY5MA5bhol,4,89.0,62
vmv7J8DQ3NAhOhuL,4,89.0,62
B8WHaTjMwMQcDVd0,4,89.0,62
2N8ziL2L3N!&R@s6VDTSWP33KyKlvoeCNqT1*3Ejf7rG6lYhANw2h9E0Gg^G9G0q,4,413.0,94
FFoVipjU2OQnHtff,4,89.0,62
RR5cpnXUErj7OJ67,4,89.0,62
ORpYU3DY3OQv7Gjp,4,89.0,62
nK0yKXTU0NQHZE2e,4,89.0,62
033iZEkewEsutO,4,77.0,62
klLpDDTc2NQSmfYJ,4,89.0,62
HTLfAlDAxNwZDFm3,4,86.0,52
geI1XDjc5OAKbrfh,4,89.0,62
5dWyUdDUwOAyLQEA,4,89.0,62
wG0K7hDkyOADpsZ4,4,89.0,62
Kr4u8kDg0NwSRy6L,4,89.0,62
1ODGEiTQ0NQkYxTl,4,89.0,62
yana.tipalova2A,4,85.0,68
0KQt6yzE5NQ9nctj,4,89.0,62
8LvDTGDQ0OAjyJsp,4,89.0,62
marianna.kasharina0U,4,116.0,68
6HnwVGDE1MQUvUQv,4,89.0,62
03onUSEEBOeOoGCe,4,89.0,62
z7zbgIDkzMQeHUd9,4,89.0,62
utL-EQg-6nb-t64,4,92.0,94
VtX4kKjc5OQQT34C,4,89.0,62
DioesEsGrande123,4,89.0,62
bagrova-veronika2T,4,103.0,68
Cvai6KTAzNwX0HD8,4,89.0,62
9OulklTYyNAUDvb3,4,89.0,62
wirLeeDc4MQrvgCH,4,89.0,62
yISoyzTQ4OQ1704W,4,89.0,62
F48DdVDU1MgGEakE,4,89.0,62
4XakB8TkzOQWCS7Y,4,89.0,62
940sinohamyLOxa,4,83.0,62
QYZOT917NM4MUVi,4,72.0,36
lExUDEXeSUh151,4,77.0,62
dfXe9kTkwNQsxfdx,4,89.0,62
YYs7GNTYzOASAhfg,4,89.0,62
H0wCanFrades?@-,4,92.0,94
SecretPass23061979,4,101.0,62
ZZw5HCjQ4OAt0AmE,4,89.0,62
eIVrsDTE1Nwbvje2,4,89.0,62
n9clG5DQ2MQnEnmE,4,89.0,62
lKwn19DQ1Mwvzhgq,4,89.0,62
g9g734DUxMQT2idq,4,89.0,62
IvmZEbDY5NAH57Wm,4,89.0,62
y9NG8qTg3NgTp4az,4,89.0,62
321ROCABRO432a,4,67.0,36
klara-njashina1I,4,91.0,68
l16neZjY1MwV5J67,4,89.0,62
gTYuuQvMFyXg7UiU,4,89.0,62
RPFUOUDQwMwVW0AS,4,89.0,62
sbaUsoTA1OAzuevI,4,89.0,62
Pass1232435465,4,77.0,62
january311994PAOLO,4,101.0,62
YfUjYmOREgu215,4,77.0,62
m_zeldo!!!!calme-31,4,110.0,68
kavuComeFast143,4,83.0,62
l4e2JozEwMgyQ28M,4,89.0,62
cWIDDIjA1MgjQX3H,4,89.0,62
EusH4FTM5Mg4CzX0,4,89.0,62
IDOdOcoCiJiB051,4,83.0,62
637gomAwYvOnEC,4,77.0,62
CarloInterdental7,4,91.0,52
dcH7WJDc4MweQHiy,4,89.0,62
Afrika2009FilmTage21,4,113.0,62
soP9YLDYxOQ3GhlY,4,89.0,62
12138053148.mhmt,4,91.0,68
vzFZc6jU5MwLMCGv,4,89.0,62
UZjJLCTEwMgaS2AK,4,89.0,62
Fantasyforever_123,4,111.0,94
LadCNcTIwNQodVi7,4,86.0,52
inglaterrapaty_1,4,88.0,58
8FLlSQDI3NQ265Ty,4,89.0,62
Realmadrida052992.,4,101.0,62
HS9sYKjMwNw3WXyU,4,89.0,62
Ni0hucTA1MAUJrj0,4,89.0,62
Shironeko.sama.13,4,105.0,94
siemprelaviki__00,4,97.0,68
eMzAjJjU3OAOlVdS,4,89.0,62
jesusdavid3387*,4,72.0,36
T8TxcfzIzNgeouiI,4,89.0,62
UPJlykTUzNgT6mJk,4,89.0,62
HBS9tFDM0MwbfJF2,4,89.0,62
936uMatapycYJo,4,77.0,62
kVczcljg4OA25Aeb,4,89.0,62
yj8ZhAzY2OAr3syw,4,89.0,62
guHpjaTQxMQtbka2,4,86.0,52
mari.ozhogina2L,4,85.0,68
c1r0ZQzQyOQJOIU5,4,89.0,62
280487gusti-m-syafril.com,4,146.0,68
jxp7riTAzNgHrFsG,4,89.0,62
yohBTbTMyMwESZ5W,4,89.0,62
BOBderlutscher10,4,89.0,62
hlQ8gDTExMQWkeda,4,89.0,62
17Martina2007\,4,77.0,62
872YDOLuqeTaSy,4,77.0,62
tt7EseTA0NwOhtTU,4,89.0,62
qPF9JRTU2OA1AUeG,4,89.0,62
2qGZy1DMzMQKt5VS,4,89.0,62
Cordero2012PAP,4,77.0,62
iCOlIZaRIti883,4,77.0,62
Silvestre1968*,4,77.0,62
jYeRwKDI5MQZXggK,4,89.0,62
amor#abuela1984,4,85.0,68
oekojWyH120063,4,77.0,62
Juanjose172526,4,77.0,62
ezyRupiNONY301,4,77.0,62
yZsf60DkxNQwsbW7,4,89.0,62
40F6kGTI1NABvpEp,4,89.0,62
FPa2kBDM2MAog3dC,4,89.0,62
vVqQ7LDczNA4Wxv0,4,89.0,62
87SXNPTUzNwSXeg7,4,89.0,62
contesting1982N,4,72.0,36
Ef0hRvTMwMgobJa1,4,89.0,62
amyleesnow9021!,4,72.0,36
YL3zQnjc2Mg6FUSn,4,89.0,62
VHK9iqzE4MQ4Nbgb,4,89.0,62
CuzoZypEzob103,4,77.0,62
CP9QssDA0NAtAtrz,4,89.0,62
Hs32q6jgwOQWEOdr,4,89.0,62
0800*000WEBHOST.COM,4,110.0,68
bEwuTaVETuro583,4,83.0,62
fXmop8DM5OAtJz9y,4,89.0,62
walterto??o1818,4,85.0,68
367YZuMySONIdoz,4,83.0,62
25ENEjmmispracticas,4,107.0,62
6Ac4rDDUzNwJYhZW,4,89.0,62
PAS3R7jAxMwTiqpX,4,89.0,62
IUI3SDzQxMgglJHE,4,89.0,62
716kImyKylOqAQ,4,77.0,62
lUdX5CTk3MAipq9H,4,89.0,62
fKszG9lbOS27IjVe,4,89.0,62
margarita.94.17,4,85.0,68
unjCZHTE2MgCiOe5,4,89.0,62
238wofutUtIGyf,4,77.0,62
VenmlqTY4MgsQ7uO,4,89.0,62
other_77667386,4,79.0,68
jOAH8kDYzMQFxp67,4,89.0,62
NEw5g2zM4OQQimNV,4,89.0,62
rBQ0L7TYxNADZ0H6,4,89.0,62
ram@!sita15392,4,79.0,68
iL1BEmTUyMg8YYbn,4,89.0,62
noTejIjA3OA0TYRK,4,89.0,62
I0JLBWTE5OQYRjpx,4,89.0,62
AXaXo2zc4NQ2QCAm,4,89.0,62
TNARDGDUwMwXq4Yp,4,89.0,62
b5EGthDEwNAYPc2V,4,89.0,62
koApCoTMxMwrB0ud,4,89.0,62
qlUlLeTE5Ngbc8T9,4,89.0,62
hbIIAgDQ0MABKw7e,4,89.0,62
bf37vOdR3uoa0l,4,77.0,62
oyQG7UjEzNgcWhfS,4,89.0,62
jdSu5lTc0MAgWEsj,4,89.0,62
ElR79wTA4NQn0dnS,4,89.0,62
zcLWqPTEyMw3gUS5,4,89.0,62
kI13xH6EPYpCAu,4,77.0,62
QfMpoas76uJb74rgP,4,95.0,62
O1trjTDY5OAdL6Ok,4,89.0,62
Samtron1986rules,4,89.0,62
cCa7JyDcwMQMJXJo,4,89.0,62
11Exqw2qmza3fk,4,77.0,62
zUhwC3DcwOQrCDWM,4,89.0,62
Truelove19902610,4,89.0,62
p@sslng2diword,4,79.0,68
badoo.02938423oijf2087h2,4,140.0,68
Bb33kWTkwMgjh0Qw,4,89.0,62
WMqqcmzY3OQwSZAF,4,89.0,62
kinky#123swagg,4,79.0,68
tTOs3LDM5OAZ3iKJ,4,89.0,62
KnYnHAjA3MwcySdV,4,89.0,62
FjfBuizA2NgdIGT6,4,89.0,62
a4zVqPzA0OQtm8ew,4,89.0,62
1BNiKlDE4NgxVJQI,4,89.0,62
YanH2kzgxMw1AsXA,4,89.0,62
khramova_valentinka0S,4,122.0,68
sdckEBTk3MgWH2Ti,4,89.0,62
225arysorIgEKa,4,77.0,62
pXK7H5TEyNQDGGbT,4,89.0,62
g3BeD1jMxNQE8BWm,4,89.0,62
Ifr4YsTMzNwJvcPP,4,89.0,62
iloveyou103!@#,4,79.0,68
KAMILdorn20082,4,77.0,62
WYjyGaXohoLy359,4,83.0,62
wertf66033Dfrt23457d,4,113.0,62
N=FNbN*[9{{(n[,4,85.0,94
6e2vOBzM1Ng671d0,4,89.0,62
Pedritoescamoso2014,4,107.0,62
RR6s4bjY1OAS1ypq,4,89.0,62
HGbzZtTM1NAqQiv9,4,89.0,62
Th3guitarist98,4,77.0,62
u0mESKDQxMAzU0wR,4,89.0,62
OXvT1TTAzMg4zFpj,4,89.0,62
4K1elRDEyMgpnyqj,4,89.0,62
cUFUSYKIPuGo024,4,83.0,62
rt.15vbng219c4,4,79.0,68
268ozkzU3NQEZ0qG,4,89.0,62
W2lc20zk1NQ23793,4,89.0,62
DTUQG5jU5MwmR1L9,4,89.0,62
08Km8djI1NA4BqSx,4,89.0,62
lbCXixDg0Nw8kQLW,4,89.0,62
MARVIN1.RiosS.login.237,4,144.0,94
xYXXexzkzNQ7yF27,4,89.0,62
fr8OClDY1MAdEhHa,4,89.0,62
my000webhost.com,4,91.0,68
asOj7mzcwNQlykMq,4,89.0,62
2GnTStTE4Mw4MTwv,4,89.0,62
1q2w3e4r5t6y7u8i9o0P,4,98.0,36
2315PFDAyNQnfdt3,4,89.0,62
592UbEDysOnYBY,4,77.0,62
Itzales188yuyis,4,83.0,62
RX6eYDzYzMQTsH9y,4,89.0,62
ziKYRyqewaxE717,4,83.0,62
LAzirefubIVO746,4,83.0,62
UmEGAjULAlOs364,4,83.0,62
DoncasterRadio01,4,89.0,62
no4mP0zc2MQRy9Bm,4,89.0,62
5VNMOzjI1NAMtB8s,4,89.0,62
O2Pgw6jQwMQ51K8C,4,89.0,62
iVd6TvjIxMwUtmHo,4,89.0,62
Angmaychoi@gmail.com,4,121.0,84
fzDF2ejY2MAJRnhn,4,89.0,62
EfaqyBIhivI865,4,77.0,62
LidaSoDeVoC432,4,77.0,62
2HnszkDIxNAIGnJk,4,89.0,62
b3upzdTI1MgKGV5w,4,89.0,62
Vinayak_Kulkarni12345,4,131.0,94
baqyrASitEHi618,4,83.0,62
kXdULDzIwMwZio2A,4,89.0,62
0SwN6ajQwNAcKGdc,4,89.0,62
123456789rayane@,4,78.0,36
AdUCafamuWUn240,4,83.0,62
wsO9DSDI1OQ96xHz,4,89.0,62
UjAsoCYnuNyb268,4,83.0,62
tnf1oeTI2OARycj7,4,89.0,62
XZSY34Tg4MwAQefi,4,89.0,62
ybdabKDY1OAtoQDF,4,89.0,62
xelan33@gmail.com,4,97.0,68
Jovan13lovekenthjusvan4ever,4,155.0,62
PtCO1Yjg2NAE3iWP,4,89.0,62
rastro.11548125,4,85.0,68
XyXWMqDA3NAcFzcE,4,89.0,62
s1cElwTE0MAMCA5m,4,89.0,62
1234QWERasdfZXCV,4,89.0,62
123(teamomibb),4,79.0,68
GnAiBCTk1MgNBhwW,4,89.0,62
AAGO01qA32F8q5,4,77.0,62
504BmpzE5NwubpU9,4,89.0,62
u6mOn4TI0OAeYPTx,4,89.0,62
QBBjQ7DU2OAEHJZZ,4,89.0,62
YANDd6jEwNgVBye2,4,89.0,62
JEQuloqOFUd102,4,77.0,62
99jHhrTgyOALy1nn,4,89.0,62
FW7jD6DU4MgyVwuI,4,89.0,62
zjf0qazA0NgPzchO,4,89.0,62
almirante-2009,4,79.0,68
uLpFgGDM4MQycpeN,4,89.0,62
T6BiRlDk4MA9OWcl,4,89.0,62
GIMYpEJelepo030,4,83.0,62
nnFZtLjc0MwhsEcd,4,89.0,62
destruction187$,4,72.0,36
00J46LTAxMgME7C4,4,89.0,62
mLkVyuTAxMQjkt5P,4,89.0,62
6L05bHjM0NAEqNpa,4,89.0,62
QZVmSxTQ2Nwy29rM,4,89.0,62
bpAK1KDUxMw4GER0,4,89.0,62
HCA5n0Dk4NgnYm4K,4,89.0,62
010203welcome@,4,67.0,36
11En4cyoqp4ixt,4,77.0,62
erwGBsjc0NgqYfeD,4,89.0,62
o3Ze5gjIxNAfh7Jh,4,89.0,62
4xz2SHTY0MAmJN9g,4,89.0,62
satriafu150cc^^,4,85.0,68
085EQagEDOrYmip,4,83.0,62
Tgdu8ZzUzMQTCvDN,4,89.0,62
Maythe4thbeiwthyou1,4,107.0,62
J0LcDWDc2NAVE8j3,4,89.0,62
